,Title,Genres
0,Elden Ring,Adventure
0,Elden Ring,RPG
1,Hades,Adventure
1,Hades,Brawler
1,Hades,Indie
1,Hades,RPG
2,The Legend of Zelda: Breath of the Wild,Adventure
2,The Legend of Zelda: Breath of the Wild,RPG
3,Undertale,Adventure
3,Undertale,Indie
3,Undertale,RPG
3,Undertale,Turn Based Strategy
4,Hollow Knight,Adventure
4,Hollow Knight,Indie
4,Hollow Knight,Platform
5,Minecraft,Adventure
5,Minecraft,Simulator
6,Omori,Adventure
6,Omori,Indie
6,Omori,RPG
6,Omori,Turn Based Strategy
7,Metroid Dread,Adventure
7,Metroid Dread,Platform
8,Among Us,Indie
8,Among Us,Strategy
9,NieR: Automata,Brawler
9,NieR: Automata,RPG
10,Persona 5 Royal,Adventure
10,Persona 5 Royal,RPG
10,Persona 5 Royal,Turn Based Strategy
11,Stray,Adventure
11,Stray,Indie
12,God of War,Adventure
12,God of War,Brawler
12,God of War,RPG
13,Portal 2,Adventure
13,Portal 2,Platform
13,Portal 2,Puzzle
13,Portal 2,Shooter
14,Bloodborne,Adventure
14,Bloodborne,RPG
15,Celeste,Adventure
15,Celeste,Indie
15,Celeste,Platform
16,Yakuza 0,Adventure
16,Yakuza 0,Brawler
16,Yakuza 0,RPG
16,Yakuza 0,Simulator
17,Red Dead Redemption 2,Adventure
17,Red Dead Redemption 2,RPG
17,Red Dead Redemption 2,Shooter
18,Portal,Platform
18,Portal,Puzzle
18,Portal,Shooter
19,Super Mario Odyssey,Adventure
19,Super Mario Odyssey,Platform
20,Pokémon Legends: Arceus,Adventure
20,Pokémon Legends: Arceus,RPG
20,Pokémon Legends: Arceus,Turn Based Strategy
21,Hi-Fi Rush,Adventure
21,Hi-Fi Rush,Brawler
21,Hi-Fi Rush,Music
21,Hi-Fi Rush,Platform
22,Metal Gear Rising: Revengeance,Adventure
22,Metal Gear Rising: Revengeance,Brawler
22,Metal Gear Rising: Revengeance,Shooter
22,Metal Gear Rising: Revengeance,Strategy
23,Grand Theft Auto V,Adventure
23,Grand Theft Auto V,Shooter
24,Cyberpunk 2077,Adventure
24,Cyberpunk 2077,RPG
24,Cyberpunk 2077,Shooter
25,God of War Ragnarök,Adventure
25,God of War Ragnarök,Brawler
26,Xenoblade Chronicles 3,Adventure
26,Xenoblade Chronicles 3,RPG
27,Kirby and the Forgotten Land,Adventure
27,Kirby and the Forgotten Land,Platform
28,Disco Elysium: The Final Cut,Adventure
28,Disco Elysium: The Final Cut,Indie
28,Disco Elysium: The Final Cut,RPG
29,Marvel's Spider-Man,Adventure
29,Marvel's Spider-Man,Brawler
30,Dark Souls III,Adventure
30,Dark Souls III,RPG
31,NieR Replicant ver.1.22474487139...,Adventure
31,NieR Replicant ver.1.22474487139...,RPG
32,Super Mario 64,Adventure
32,Super Mario 64,Platform
33,Super Smash Bros. Ultimate,Fighting
33,Super Smash Bros. Ultimate,Platform
34,Cuphead,Arcade
34,Cuphead,Indie
34,Cuphead,Platform
34,Cuphead,Shooter
35,Sekiro: Shadows Die Twice,Adventure
35,Sekiro: Shadows Die Twice,Brawler
36,Final Fantasy VII,Adventure
36,Final Fantasy VII,RPG
36,Final Fantasy VII,Turn Based Strategy
37,Persona 4 Golden,Adventure
37,Persona 4 Golden,RPG
37,Persona 4 Golden,Simulator
37,Persona 4 Golden,Visual Novel
38,Genshin Impact,Adventure
38,Genshin Impact,RPG
39,Signalis,Adventure
39,Signalis,Indie
40,Resident Evil Village,Adventure
40,Resident Evil Village,Shooter
41,Super Mario Galaxy,Adventure
41,Super Mario Galaxy,Platform
42,Fallout: New Vegas,RPG
42,Fallout: New Vegas,Shooter
43,Outer Wilds,Adventure
43,Outer Wilds,Indie
43,Outer Wilds,Puzzle
43,Outer Wilds,Simulator
44,Resident Evil 2,Adventure
44,Resident Evil 2,Shooter
45,Doom,Shooter
46,Shin Megami Tensei V,Adventure
46,Shin Megami Tensei V,RPG
46,Shin Megami Tensei V,Turn Based Strategy
47,Bayonetta,Brawler
47,Bayonetta,Shooter
48,Stardew Valley,Indie
48,Stardew Valley,RPG
48,Stardew Valley,Simulator
48,Stardew Valley,Strategy
49,The Last of Us Part II,Adventure
49,The Last of Us Part II,Shooter
50,Silent Hill 2,Adventure
50,Silent Hill 2,Puzzle
51,The Witcher 3: Wild Hunt,Adventure
51,The Witcher 3: Wild Hunt,RPG
52,Persona 5,Adventure
52,Persona 5,RPG
52,Persona 5,Turn Based Strategy
53,Doom Eternal,Shooter
54,The Elder Scrolls V: Skyrim,Adventure
54,The Elder Scrolls V: Skyrim,RPG
55,Neon White,Indie
55,Neon White,Platform
55,Neon White,Shooter
55,Neon White,Visual Novel
56,Devil May Cry 5,Adventure
56,Devil May Cry 5,Brawler
57,Overwatch 2,Shooter
58,Resident Evil 4,Shooter
59,Final Fantasy VII Remake,Adventure
59,Final Fantasy VII Remake,RPG
60,Sonic Frontiers,Adventure
60,Sonic Frontiers,Platform
61,Inscryption,Adventure
61,Inscryption,Card & Board Game
61,Inscryption,Indie
61,Inscryption,Puzzle
61,Inscryption,Strategy
62,Tunic,Adventure
62,Tunic,Indie
62,Tunic,Puzzle
62,Tunic,RPG
63,Dark Souls,Adventure
63,Dark Souls,RPG
64,The Legend of Zelda: Ocarina of Time,Adventure
64,The Legend of Zelda: Ocarina of Time,RPG
65,Deltarune: Chapter 2,Adventure
65,Deltarune: Chapter 2,Indie
65,Deltarune: Chapter 2,RPG
65,Deltarune: Chapter 2,Turn Based Strategy
66,Chrono Trigger,Adventure
66,Chrono Trigger,RPG
67,Metal Gear Solid 2: Sons of Liberty,Adventure
68,Super Mario World,Adventure
68,Super Mario World,Platform
69,Death Stranding,Adventure
69,Death Stranding,RPG
69,Death Stranding,Shooter
70,Marvel's Spider-Man: Miles Morales,Adventure
70,Marvel's Spider-Man: Miles Morales,Brawler
71,Dark Souls: Remastered,Adventure
71,Dark Souls: Remastered,RPG
72,EarthBound,Adventure
72,EarthBound,RPG
72,EarthBound,Turn Based Strategy
73,Castlevania: Symphony of the Night,Adventure
73,Castlevania: Symphony of the Night,Platform
73,Castlevania: Symphony of the Night,RPG
74,Super Metroid,Adventure
74,Super Metroid,Platform
74,Super Metroid,Shooter
75,Super Mario Bros.,Adventure
75,Super Mario Bros.,Platform
76,The Legend of Zelda: Majora's Mask,Adventure
77,Star Wars Jedi: Fallen Order,Adventure
78,The Last of Us,Adventure
78,The Last of Us,Shooter
79,Terraria,Adventure
79,Terraria,Indie
79,Terraria,Platform
79,Terraria,RPG
79,Terraria,Strategy
80,Resident Evil 7: Biohazard,Adventure
80,Resident Evil 7: Biohazard,Shooter
81,Metal Gear Solid V: The Phantom Pain,Adventure
81,Metal Gear Solid V: The Phantom Pain,Shooter
81,Metal Gear Solid V: The Phantom Pain,Tactical
82,Overwatch,Shooter
82,Overwatch,Strategy
83,Half-Life 2,Shooter
84,Fire Emblem: Three Houses,Adventure
84,Fire Emblem: Three Houses,RPG
84,Fire Emblem: Three Houses,Strategy
84,Fire Emblem: Three Houses,Tactical
84,Fire Emblem: Three Houses,Turn Based Strategy
85,Grand Theft Auto: San Andreas,Adventure
85,Grand Theft Auto: San Andreas,Racing
85,Grand Theft Auto: San Andreas,Shooter
86,13 Sentinels: Aegis Rim,Adventure
86,13 Sentinels: Aegis Rim,Simulator
86,13 Sentinels: Aegis Rim,Strategy
86,13 Sentinels: Aegis Rim,Tactical
87,Persona 3 FES,RPG
87,Persona 3 FES,Simulator
87,Persona 3 FES,Visual Novel
88,Devil May Cry,Brawler
89,Mario Kart 8 Deluxe,Arcade
89,Mario Kart 8 Deluxe,Racing
90,Fire Emblem Engage,Adventure
90,Fire Emblem Engage,RPG
90,Fire Emblem Engage,Strategy
90,Fire Emblem Engage,Tactical
90,Fire Emblem Engage,Turn Based Strategy
91,Pokémon Violet,Adventure
91,Pokémon Violet,RPG
91,Pokémon Violet,Turn Based Strategy
92,Hotline Miami,Arcade
92,Hotline Miami,Indie
92,Hotline Miami,Shooter
93,Pizza Tower,Indie
93,Pizza Tower,Platform
94,Psychonauts 2,Adventure
94,Psychonauts 2,Platform
95,Metroid Prime Remastered,Adventure
95,Metroid Prime Remastered,Platform
95,Metroid Prime Remastered,Shooter
96,Halo Infinite,Adventure
96,Halo Infinite,Shooter
97,Batman: Arkham Asylum,Adventure
97,Batman: Arkham Asylum,Brawler
98,Super Mario Sunshine,Adventure
98,Super Mario Sunshine,Platform
99,Mother 3,RPG
99,Mother 3,Turn Based Strategy
100,MultiVersus,Fighting
101,Xenoblade Chronicles: Definitive Edition,RPG
102,Half-Life,Adventure
102,Half-Life,Puzzle
102,Half-Life,Shooter
103,Marvel's Guardians of the Galaxy,Adventure
103,Marvel's Guardians of the Galaxy,RPG
103,Marvel's Guardians of the Galaxy,Shooter
104,Danganronpa: Trigger Happy Havoc,Adventure
104,Danganronpa: Trigger Happy Havoc,Point-and-Click
104,Danganronpa: Trigger Happy Havoc,Visual Novel
105,Cult of the Lamb,Adventure
105,Cult of the Lamb,Brawler
105,Cult of the Lamb,Indie
105,Cult of the Lamb,RPG
105,Cult of the Lamb,Simulator
105,Cult of the Lamb,Strategy
106,Sonic Mania,Adventure
106,Sonic Mania,Platform
107,Horizon Zero Dawn,Adventure
107,Horizon Zero Dawn,RPG
107,Horizon Zero Dawn,Shooter
108,Left 4 Dead 2,Shooter
109,League of Legends,MOBA
109,League of Legends,RPG
109,League of Legends,Strategy
110,Control,Adventure
110,Control,Shooter
111,Doki Doki Literature Club!,Adventure
111,Doki Doki Literature Club!,Indie
111,Doki Doki Literature Club!,Visual Novel
112,Batman: Arkham City,Adventure
112,Batman: Arkham City,Brawler
113,Yakuza Kiwami,Adventure
113,Yakuza Kiwami,Brawler
113,Yakuza Kiwami,RPG
114,Phoenix Wright: Ace Attorney,Adventure
114,Phoenix Wright: Ace Attorney,Point-and-Click
114,Phoenix Wright: Ace Attorney,Puzzle
114,Phoenix Wright: Ace Attorney,Visual Novel
115,Team Fortress 2,Shooter
116,Xenoblade Chronicles 2,Adventure
116,Xenoblade Chronicles 2,RPG
117,Splatoon 3,Platform
117,Splatoon 3,Shooter
118,Chrome Dino,Arcade
119,Katana Zero,Adventure
119,Katana Zero,Arcade
119,Katana Zero,Indie
119,Katana Zero,Platform
119,Katana Zero,Strategy
120,Life is Strange,Adventure
120,Life is Strange,RPG
121,Dark Souls II: Scholar of the First Sin,Adventure
121,Dark Souls II: Scholar of the First Sin,RPG
122,Deathloop,Adventure
122,Deathloop,Shooter
123,Shadow of the Colossus,Adventure
123,Shadow of the Colossus,Platform
123,Shadow of the Colossus,Puzzle
124,Teenage Mutant Ninja Turtles: Shredder's Revenge,Arcade
124,Teenage Mutant Ninja Turtles: Shredder's Revenge,Brawler
124,Teenage Mutant Ninja Turtles: Shredder's Revenge,Indie
125,Sifu,Brawler
125,Sifu,Indie
126,Super Mario Bros. 3,Platform
127,Dishonored,Adventure
127,Dishonored,RPG
128,Metal Gear Solid 3: Snake Eater,Adventure
128,Metal Gear Solid 3: Snake Eater,Shooter
128,Metal Gear Solid 3: Snake Eater,Tactical
129,Journey,Adventure
129,Journey,Platform
130,Kingdom Hearts,Adventure
130,Kingdom Hearts,RPG
131,Titanfall 2,Adventure
131,Titanfall 2,Shooter
133,Live A Live,RPG
134,The Last of Us Remastered,Adventure
134,The Last of Us Remastered,Shooter
135,Sonic the Hedgehog,Platform
136,Rocket League,Indie
136,Rocket League,Racing
136,Rocket League,Sport
137,Batman: Arkham Knight,Adventure
137,Batman: Arkham Knight,Brawler
138,Bayonetta 3,Brawler
139,Disco Elysium,Adventure
139,Disco Elysium,RPG
139,Disco Elysium,Turn Based Strategy
140,Guilty Gear: Strive,Fighting
141,Wii Sports,Simulator
141,Wii Sports,Sport
142,Hogwarts Legacy,Adventure
142,Hogwarts Legacy,RPG
143,Mario Kart Wii,Racing
144,Resident Evil 3,Adventure
144,Resident Evil 3,Shooter
145,Unpacking,Indie
145,Unpacking,Point-and-Click
145,Unpacking,Puzzle
145,Unpacking,Simulator
146,Red Dead Redemption,Adventure
146,Red Dead Redemption,RPG
146,Red Dead Redemption,Shooter
147,Tales of Arise,Adventure
147,Tales of Arise,RPG
148,Deltarune: Chapter 1,Adventure
148,Deltarune: Chapter 1,Indie
148,Deltarune: Chapter 1,RPG
148,Deltarune: Chapter 1,Turn Based Strategy
149,Dead Space,Adventure
149,Dead Space,RPG
149,Dead Space,Shooter
150,Tomb Raider,Adventure
150,Tomb Raider,Platform
150,Tomb Raider,Puzzle
150,Tomb Raider,Shooter
151,Super Mario Galaxy 2,Adventure
151,Super Mario Galaxy 2,Platform
152,Donkey Kong Country,Adventure
152,Donkey Kong Country,Platform
153,What Remains of Edith Finch,Adventure
153,What Remains of Edith Finch,Indie
153,What Remains of Edith Finch,Puzzle
154,Monster Hunter Rise,Adventure
154,Monster Hunter Rise,Brawler
154,Monster Hunter Rise,RPG
155,Pokémon Emerald,Adventure
155,Pokémon Emerald,RPG
155,Pokémon Emerald,Turn Based Strategy
156,NEO: The World Ends with You,Brawler
156,NEO: The World Ends with You,RPG
157,Assassin's Creed II,Adventure
157,Assassin's Creed II,Platform
158,Pokémon Scarlet,Adventure
158,Pokémon Scarlet,RPG
158,Pokémon Scarlet,Turn Based Strategy
160,New Super Mario Bros.,Adventure
160,New Super Mario Bros.,Platform
162,Horizon Forbidden West,Adventure
162,Horizon Forbidden West,RPG
163,God of War,Strategy
164,Detroit: Become Human,Adventure
164,Detroit: Become Human,Puzzle
165,Final Fantasy XV,Adventure
165,Final Fantasy XV,RPG
166,Persona 5 Strikers,Adventure
166,Persona 5 Strikers,Brawler
166,Persona 5 Strikers,RPG
167,Limbo,Adventure
167,Limbo,Indie
167,Limbo,Platform
167,Limbo,Puzzle
168,Pokémon Platinum,Adventure
168,Pokémon Platinum,RPG
168,Pokémon Platinum,Turn Based Strategy
169,Stranger of Paradise: Final Fantasy Origin,Adventure
169,Stranger of Paradise: Final Fantasy Origin,RPG
170,Killer7,Adventure
170,Killer7,Shooter
171,Grand Theft Auto IV,Adventure
171,Grand Theft Auto IV,Racing
171,Grand Theft Auto IV,Shooter
172,Metroid: Zero Mission,Adventure
172,Metroid: Zero Mission,Platform
172,Metroid: Zero Mission,Shooter
173,Final Fantasy X,Adventure
173,Final Fantasy X,RPG
174,Danganronpa 2: Goodbye Despair,Adventure
174,Danganronpa 2: Goodbye Despair,Point-and-Click
174,Danganronpa 2: Goodbye Despair,Visual Novel
175,Final Fantasy IX,RPG
175,Final Fantasy IX,Turn Based Strategy
176,Halo 3,Shooter
177,Metroid Fusion,Adventure
177,Metroid Fusion,Platform
177,Metroid Fusion,Shooter
178,Final Fantasy VI,Adventure
178,Final Fantasy VI,RPG
179,VA-11 Hall-A: Cyberpunk Bartender Action,Adventure
179,VA-11 Hall-A: Cyberpunk Bartender Action,Indie
179,VA-11 Hall-A: Cyberpunk Bartender Action,Simulator
179,VA-11 Hall-A: Cyberpunk Bartender Action,Visual Novel
180,Dead Cells,Adventure
180,Dead Cells,Indie
180,Dead Cells,Platform
181,Far Cry 3,Adventure
181,Far Cry 3,Shooter
182,The Stanley Parable: Ultra Deluxe,Adventure
182,The Stanley Parable: Ultra Deluxe,Simulator
183,SuperHot,Fighting
183,SuperHot,Indie
183,SuperHot,Puzzle
183,SuperHot,Shooter
183,SuperHot,Tactical
184,Plants vs. Zombies,Puzzle
184,Plants vs. Zombies,Strategy
184,Plants vs. Zombies,Simulator
184,Plants vs. Zombies,Tactical
185,Ori and the Blind Forest,Adventure
185,Ori and the Blind Forest,Platform
185,Ori and the Blind Forest,Puzzle
186,Demon's Souls,Adventure
186,Demon's Souls,RPG
187,A Plague Tale: Innocence,Adventure
187,A Plague Tale: Innocence,RPG
188,The Legend of Zelda: Link's Awakening,Adventure
189,Assassin's Creed,Adventure
189,Assassin's Creed,Platform
190,Judgment,Adventure
190,Judgment,RPG
191,Call of Duty: Black Ops,Shooter
192,Ratchet & Clank: Rift Apart,Adventure
192,Ratchet & Clank: Rift Apart,Platform
192,Ratchet & Clank: Rift Apart,Shooter
193,Pokémon Black,Adventure
193,Pokémon Black,RPG
193,Pokémon Black,Turn Based Strategy
194,The Stanley Parable,Adventure
194,The Stanley Parable,Indie
195,The Legend of Zelda,Adventure
196,AI: The Somnium Files - Nirvana Initiative,Adventure
196,AI: The Somnium Files - Nirvana Initiative,Puzzle
196,AI: The Somnium Files - Nirvana Initiative,Visual Novel
197,Ghost Trick: Phantom Detective,Adventure
197,Ghost Trick: Phantom Detective,Puzzle
198,Dragon Quest XI S: Echoes of an Elusive Age - Definitive Edition,Adventure
198,Dragon Quest XI S: Echoes of an Elusive Age - Definitive Edition,RPG
199,Paper Mario: The Thousand-Year Door,Adventure
199,Paper Mario: The Thousand-Year Door,RPG
199,Paper Mario: The Thousand-Year Door,Turn Based Strategy
200,God of War II,Adventure
200,God of War II,Brawler
200,God of War II,Platform
201,Mass Effect 2,Adventure
201,Mass Effect 2,RPG
201,Mass Effect 2,Shooter
202,Forza Horizon 5,Racing
203,Metal Gear Solid V: Ground Zeroes,Adventure
203,Metal Gear Solid V: Ground Zeroes,RPG
203,Metal Gear Solid V: Ground Zeroes,Shooter
203,Metal Gear Solid V: Ground Zeroes,Strategy
204,No More Heroes III,Brawler
205,Banjo-Kazooie,Adventure
205,Banjo-Kazooie,Platform
206,Astro's Playroom,Adventure
206,Astro's Playroom,Platform
207,Call of Duty: Black Ops II,Shooter
208,The Legend of Zelda: Skyward Sword HD,Adventure
208,The Legend of Zelda: Skyward Sword HD,RPG
209,Mega Man X,Adventure
209,Mega Man X,Platform
209,Mega Man X,Shooter
210,Subnautica,Adventure
210,Subnautica,Indie
211,Returnal,Shooter
212,New Super Mario Bros. Wii,Adventure
212,New Super Mario Bros. Wii,Platform
213,Citizen Sleeper,Adventure
213,Citizen Sleeper,Indie
213,Citizen Sleeper,RPG
214,Yakuza 3 Remastered,Adventure
214,Yakuza 3 Remastered,RPG
214,Yakuza 3 Remastered,Simulator
215,Garry's Mod,Indie
215,Garry's Mod,Simulator
216,Wolfenstein: The New Order,Adventure
216,Wolfenstein: The New Order,Shooter
217,Deus Ex,RPG
217,Deus Ex,Shooter
218,BioShock 2,Adventure
218,BioShock 2,RPG
218,BioShock 2,Shooter
219,Soul Hackers 2,RPG
220,Enter the Gungeon,Adventure
220,Enter the Gungeon,Arcade
220,Enter the Gungeon,Indie
220,Enter the Gungeon,Shooter
221,The House in Fata Morgana,Adventure
221,The House in Fata Morgana,Indie
221,The House in Fata Morgana,Visual Novel
222,Shovel Knight,Adventure
222,Shovel Knight,Indie
222,Shovel Knight,Platform
223,Firewatch,Adventure
223,Firewatch,Indie
224,Dark Souls II,Adventure
224,Dark Souls II,RPG
225,Blasphemous,Adventure
225,Blasphemous,Brawler
225,Blasphemous,Indie
225,Blasphemous,Platform
225,Blasphemous,RPG
226,Final Fantasy XIV Online,Adventure
226,Final Fantasy XIV Online,RPG
226,Final Fantasy XIV Online,Strategy
227,Immortality,Indie
227,Immortality,Point-and-Click
227,Immortality,Simulator
228,Resident Evil 6,Adventure
228,Resident Evil 6,Shooter
229,Devil May Cry 3: Dante's Awakening,Adventure
229,Devil May Cry 3: Dante's Awakening,Brawler
229,Devil May Cry 3: Dante's Awakening,Shooter
230,The Last of Us Part I,Adventure
230,The Last of Us Part I,Shooter
231,Super Meat Boy,Adventure
231,Super Meat Boy,Indie
231,Super Meat Boy,Platform
232,Mass Effect Legendary Edition,Adventure
232,Mass Effect Legendary Edition,RPG
232,Mass Effect Legendary Edition,Shooter
232,Mass Effect Legendary Edition,Strategy
233,Helltaker,Adventure
233,Helltaker,Indie
233,Helltaker,Puzzle
234,Pokémon Sword,Adventure
234,Pokémon Sword,RPG
235,Crash Bandicoot N. Sane Trilogy,Adventure
235,Crash Bandicoot N. Sane Trilogy,Platform
236,Tetris,Arcade
236,Tetris,Puzzle
237,Valorant,Shooter
237,Valorant,Tactical
238,Super Mario 3D World,Adventure
238,Super Mario 3D World,Platform
239,Uncharted 3: Drake's Deception,Adventure
239,Uncharted 3: Drake's Deception,Platform
239,Uncharted 3: Drake's Deception,Shooter
240,Phoenix Wright: Ace Attorney - Trials and Tribulations,Adventure
240,Phoenix Wright: Ace Attorney - Trials and Tribulations,Visual Novel
241,Yume Nikki,Adventure
241,Yume Nikki,Indie
242,Max Payne,Shooter
243,Five Nights at Freddy's,Adventure
243,Five Nights at Freddy's,Indie
243,Five Nights at Freddy's,Point-and-Click
243,Five Nights at Freddy's,Simulator
243,Five Nights at Freddy's,Strategy
244,Donkey Kong Country 2: Diddy's Kong Quest,Adventure
244,Donkey Kong Country 2: Diddy's Kong Quest,Platform
245,Pokémon White,Adventure
245,Pokémon White,RPG
245,Pokémon White,Turn Based Strategy
246,Outlast,Adventure
246,Outlast,Indie
247,Hitman 3,Adventure
247,Hitman 3,Shooter
247,Hitman 3,Tactical
248,Sable,Adventure
248,Sable,Indie
248,Sable,Platform
248,Sable,Puzzle
248,Sable,RPG
249,Super Smash Bros. for Wii U,Fighting
249,Super Smash Bros. for Wii U,Platform
250,Kirby's Adventure,Platform
251,Tekken 7,Fighting
252,Umineko: When They Cry Chiru,Adventure
252,Umineko: When They Cry Chiru,Visual Novel
253,Kingdom Hearts II Final Mix,Adventure
253,Kingdom Hearts II Final Mix,Brawler
253,Kingdom Hearts II Final Mix,Platform
253,Kingdom Hearts II Final Mix,RPG
253,Kingdom Hearts II Final Mix,Shooter
254,Superliminal,Adventure
254,Superliminal,Indie
254,Superliminal,Puzzle
254,Superliminal,Shooter
255,Death Stranding: Director's Cut,Adventure
256,Persona 4,RPG
256,Persona 4,Simulator
256,Persona 4,Visual Novel
257,Wordle,Puzzle
257,Wordle,Quiz/Trivia
258,The Sims 4,RPG
258,The Sims 4,Simulator
259,Far Cry 4,Adventure
259,Far Cry 4,Shooter
259,Far Cry 4,Tactical
260,Sonic Forces,Adventure
260,Sonic Forces,Platform
260,Sonic Forces,Strategy
261,To the Moon,Adventure
261,To the Moon,Indie
261,To the Moon,Point-and-Click
261,To the Moon,Puzzle
261,To the Moon,RPG
262,Baba is You,Indie
262,Baba is You,Puzzle
262,Baba is You,Strategy
263,The Witcher 3: Wild Hunt - Game of the Year Edition,Adventure
263,The Witcher 3: Wild Hunt - Game of the Year Edition,RPG
264,Super Smash Bros.,Fighting
264,Super Smash Bros.,Platform
265,Super Mario 64 DS,Adventure
265,Super Mario 64 DS,Platform
266,Halo 4,Shooter
267,Middle-earth: Shadow of Mordor,Adventure
267,Middle-earth: Shadow of Mordor,Brawler
267,Middle-earth: Shadow of Mordor,RPG
268,Mega Man 2,Adventure
268,Mega Man 2,Platform
269,Phoenix Wright: Ace Attorney Trilogy,Adventure
269,Phoenix Wright: Ace Attorney Trilogy,Puzzle
269,Phoenix Wright: Ace Attorney Trilogy,Simulator
269,Phoenix Wright: Ace Attorney Trilogy,Visual Novel
270,Infamous: Second Son,Adventure
270,Infamous: Second Son,Platform
270,Infamous: Second Son,Shooter
271,Star Wars: Knights of the Old Republic,Adventure
271,Star Wars: Knights of the Old Republic,RPG
272,No More Heroes 2: Desperate Struggle,Adventure
272,No More Heroes 2: Desperate Struggle,Brawler
273,Kirby Super Star Ultra,Adventure
273,Kirby Super Star Ultra,Platform
274,"Flower, Sun, and Rain",Adventure
274,"Flower, Sun, and Rain",Puzzle
275,Katamari Damacy,Adventure
275,Katamari Damacy,Puzzle
276,Shadow the Hedgehog,Adventure
276,Shadow the Hedgehog,Platform
276,Shadow the Hedgehog,Shooter
277,Ōkami HD,Adventure
277,Ōkami HD,RPG
278,Metroid: Samus Returns,Adventure
278,Metroid: Samus Returns,Platform
279,Life is Strange: True Colors,Adventure
280,Pokémon Black Version 2,Adventure
280,Pokémon Black Version 2,RPG
280,Pokémon Black Version 2,Turn Based Strategy
281,Needy Streamer Overload,Adventure
281,Needy Streamer Overload,Indie
281,Needy Streamer Overload,Point-and-Click
281,Needy Streamer Overload,RPG
281,Needy Streamer Overload,Simulator
281,Needy Streamer Overload,Visual Novel
282,Borderlands,RPG
282,Borderlands,Shooter
283,Hollow Knight: Voidheart Edition,Adventure
283,Hollow Knight: Voidheart Edition,Indie
283,Hollow Knight: Voidheart Edition,Platform
284,Klonoa: Door to Phantomile,Platform
285,Shadow of the Tomb Raider,Adventure
285,Shadow of the Tomb Raider,Shooter
286,Mario & Luigi: Bowser's Inside Story,Platform
286,Mario & Luigi: Bowser's Inside Story,RPG
287,Ghostrunner,Adventure
287,Ghostrunner,Platform
287,Ghostrunner,Shooter
288,Watch Dogs 2,Adventure
288,Watch Dogs 2,Shooter
289,Mass Effect 3,Adventure
289,Mass Effect 3,RPG
289,Mass Effect 3,Shooter
290,Goat Simulator,Adventure
290,Goat Simulator,Indie
290,Goat Simulator,Simulator
291,The Elder Scrolls V: Skyrim - Special Edition,Adventure
291,The Elder Scrolls V: Skyrim - Special Edition,RPG
292,Far Cry 5,Adventure
292,Far Cry 5,Shooter
293,Call of Duty: Modern Warfare 3,Adventure
293,Call of Duty: Modern Warfare 3,Shooter
293,Call of Duty: Modern Warfare 3,Tactical
294,Friday Night Funkin',Music
295,Osu!,Indie
295,Osu!,Music
296,The Legend of Zelda: Twilight Princess,Adventure
296,The Legend of Zelda: Twilight Princess,RPG
297,Bloodborne: The Old Hunters,Adventure
297,Bloodborne: The Old Hunters,RPG
298,Fire Emblem Warriors: Three Hopes,Brawler
298,Fire Emblem Warriors: Three Hopes,RPG
298,Fire Emblem Warriors: Three Hopes,Simulator
298,Fire Emblem Warriors: Three Hopes,Strategy
298,Fire Emblem Warriors: Three Hopes,Tactical
299,Super Smash Bros. for Nintendo 3DS,Fighting
300,The Legend of Heroes: Trails to Azure,Adventure
300,The Legend of Heroes: Trails to Azure,RPG
300,The Legend of Heroes: Trails to Azure,Strategy
300,The Legend of Heroes: Trails to Azure,Turn Based Strategy
301,Super Mario RPG: Legend of the Seven Stars,Adventure
301,Super Mario RPG: Legend of the Seven Stars,Platform
301,Super Mario RPG: Legend of the Seven Stars,RPG
302,Astral Chain,Adventure
302,Astral Chain,Brawler
303,DmC: Devil May Cry,Adventure
303,DmC: Devil May Cry,Brawler
304,Dragon Age: Origins,RPG
305,Vagrant Story,Adventure
305,Vagrant Story,RPG
306,Amnesia: The Dark Descent,Adventure
306,Amnesia: The Dark Descent,Indie
306,Amnesia: The Dark Descent,Puzzle
307,Monster Hunter Rise: Sunbreak,Brawler
307,Monster Hunter Rise: Sunbreak,RPG
308,Super Mario Maker 2,Platform
309,Fire Emblem: The Blazing Blade,RPG
309,Fire Emblem: The Blazing Blade,Strategy
309,Fire Emblem: The Blazing Blade,Tactical
310,LEGO Marvel Super Heroes,Adventure
310,LEGO Marvel Super Heroes,Brawler
310,LEGO Marvel Super Heroes,Puzzle
311,Sonic Colors,Adventure
311,Sonic Colors,Platform
312,Pokémon Moon,Adventure
312,Pokémon Moon,RPG
312,Pokémon Moon,Strategy
312,Pokémon Moon,Turn Based Strategy
313,Zelda II: The Adventure of Link,Adventure
313,Zelda II: The Adventure of Link,RPG
314,Battlefield 4,Shooter
315,Dragon Ball Z: Budokai Tenkaichi 3,Fighting
316,WarioWare: Get It Together!,Arcade
317,Beyond: Two Souls,Adventure
318,Digimon Survive,Adventure
318,Digimon Survive,RPG
318,Digimon Survive,Simulator
318,Digimon Survive,Strategy
318,Digimon Survive,Turn Based Strategy
319,Spiritfarer,Adventure
319,Spiritfarer,Indie
319,Spiritfarer,Platform
319,Spiritfarer,Simulator
320,Little Nightmares II,Adventure
320,Little Nightmares II,Platform
320,Little Nightmares II,Puzzle
321,The Evil Within 2,Adventure
321,The Evil Within 2,RPG
321,The Evil Within 2,Shooter
322,Bloons TD 6,Strategy
322,Bloons TD 6,Tactical
323,Sayonara Wild Hearts,Adventure
323,Sayonara Wild Hearts,Arcade
323,Sayonara Wild Hearts,Indie
323,Sayonara Wild Hearts,Music
324,Metro 2033 Redux,Adventure
324,Metro 2033 Redux,RPG
324,Metro 2033 Redux,Shooter
325,Melty Blood: Type Lumina,Fighting
325,Melty Blood: Type Lumina,Visual Novel
326,Vampire Survivors,Arcade
326,Vampire Survivors,Indie
326,Vampire Survivors,RPG
327,Psychonauts,Adventure
327,Psychonauts,Platform
328,Fallout 4,RPG
328,Fallout 4,Shooter
329,Uncharted 4: A Thief's End,Adventure
329,Uncharted 4: A Thief's End,Shooter
330,The Legend of Zelda: A Link to the Past,Adventure
330,The Legend of Zelda: A Link to the Past,Puzzle
330,The Legend of Zelda: A Link to the Past,RPG
331,Silent Hill,Adventure
331,Silent Hill,Puzzle
332,Super Smash Bros. Brawl,Fighting
332,Super Smash Bros. Brawl,Platform
333,Borderlands 2,RPG
333,Borderlands 2,Shooter
334,No More Heroes,Adventure
334,No More Heroes,Brawler
335,Ghost of Tsushima,Adventure
335,Ghost of Tsushima,Brawler
335,Ghost of Tsushima,RPG
336,Sonic the Hedgehog 3 & Knuckles,Platform
338,Full Metal Daemon Muramasa,Adventure
338,Full Metal Daemon Muramasa,Visual Novel
339,Soma,Adventure
339,Soma,Indie
340,The Binding of Isaac: Rebirth,Adventure
340,The Binding of Isaac: Rebirth,Arcade
340,The Binding of Isaac: Rebirth,Indie
340,The Binding of Isaac: Rebirth,RPG
340,The Binding of Isaac: Rebirth,Shooter
341,Luigi's Mansion 3,Adventure
342,Katamari Damacy Reroll,Adventure
342,Katamari Damacy Reroll,Puzzle
343,Mario Kart 7,Racing
344,Castle Crashers,Adventure
344,Castle Crashers,Brawler
344,Castle Crashers,Indie
344,Castle Crashers,RPG
345,Rain World,Adventure
345,Rain World,Indie
345,Rain World,Platform
345,Rain World,RPG
346,Mario Party Superstars,Card & Board Game
347,Bully,Adventure
348,Mario Kart 64,Racing
349,Octopath Traveler II,RPG
349,Octopath Traveler II,Turn Based Strategy
350,Norco,Adventure
350,Norco,Indie
350,Norco,Point-and-Click
350,Norco,Puzzle
351,Resident Evil,Adventure
351,Resident Evil,Puzzle
352,Assassin's Creed Odyssey,Adventure
352,Assassin's Creed Odyssey,RPG
353,Transistor,Adventure
353,Transistor,Indie
353,Transistor,RPG
353,Transistor,Strategy
353,Transistor,Turn Based Strategy
354,The Evil Within,Adventure
354,The Evil Within,Shooter
355,Metal: Hellsinger,Adventure
355,Metal: Hellsinger,Music
355,Metal: Hellsinger,Shooter
356,Halo: The Master Chief Collection,Shooter
357,Pokémon Crystal,Adventure
357,Pokémon Crystal,RPG
358,Uncharted: The Lost Legacy,Adventure
358,Uncharted: The Lost Legacy,Shooter
359,Resident Evil 3: Nemesis,Adventure
359,Resident Evil 3: Nemesis,Shooter
360,Sea of Thieves,Adventure
360,Sea of Thieves,Simulator
361,F.E.A.R.,Shooter
362,Mafia: Definitive Edition,Adventure
362,Mafia: Definitive Edition,Shooter
363,NieR,Adventure
363,NieR,RPG
363,NieR,Shooter
363,NieR,Simulator
363,NieR,Strategy
364,The Walking Dead: Season Two,Adventure
364,The Walking Dead: Season Two,Point-and-Click
364,The Walking Dead: Season Two,Puzzle
365,Forspoken,Adventure
365,Forspoken,RPG
366,Max Payne 2: The Fall of Max Payne,Shooter
367,Shin Megami Tensei: Devil Summoner - Soul Hackers,Adventure
367,Shin Megami Tensei: Devil Summoner - Soul Hackers,RPG
368,Dusk,Adventure
368,Dusk,Indie
368,Dusk,Shooter
369,The Elder Scrolls III: Morrowind,Adventure
369,The Elder Scrolls III: Morrowind,RPG
370,Rollerdrome,Adventure
370,Rollerdrome,Indie
370,Rollerdrome,Shooter
370,Rollerdrome,Sport
371,Final Fantasy XVI,RPG
372,Pokémon Sun,Adventure
372,Pokémon Sun,RPG
372,Pokémon Sun,Strategy
372,Pokémon Sun,Turn Based Strategy
373,Yu-Gi-Oh! Master Duel,Card & Board Game
373,Yu-Gi-Oh! Master Duel,Simulator
373,Yu-Gi-Oh! Master Duel,Strategy
374,Injustice: Gods Among Us,Adventure
374,Injustice: Gods Among Us,Fighting
375,Pac-Man,Arcade
376,Final Fantasy X/X-2 HD Remaster,RPG
376,Final Fantasy X/X-2 HD Remaster,Strategy
377,Mortal Kombat X,Fighting
378,Shin Megami Tensei: Digital Devil Saga,RPG
379,Star Wars: The Force Unleashed,Adventure
379,Star Wars: The Force Unleashed,Brawler
379,Star Wars: The Force Unleashed,RPG
380,Shovel Knight: Treasure Trove,Adventure
380,Shovel Knight: Treasure Trove,Indie
380,Shovel Knight: Treasure Trove,Platform
381,Ghost of Tsushima: Director's Cut,Adventure
381,Ghost of Tsushima: Director's Cut,RPG
382,Donkey Kong Country Returns,Adventure
382,Donkey Kong Country Returns,Platform
383,Street Fighter III: 3rd Strike,Arcade
383,Street Fighter III: 3rd Strike,Fighting
384,Return to Monkey Island,Adventure
384,Return to Monkey Island,Point-and-Click
384,Return to Monkey Island,Puzzle
385,Deus Ex: Human Revolution,RPG
385,Deus Ex: Human Revolution,Shooter
386,Spyro Reignited Trilogy,Adventure
386,Spyro Reignited Trilogy,Platform
387,Chicory: A Colorful Tale,Adventure
387,Chicory: A Colorful Tale,Indie
387,Chicory: A Colorful Tale,Puzzle
387,Chicory: A Colorful Tale,RPG
388,Sin and Punishment,Shooter
389,Outer Wilds: Echoes of the Eye,Adventure
389,Outer Wilds: Echoes of the Eye,Indie
389,Outer Wilds: Echoes of the Eye,Puzzle
389,Outer Wilds: Echoes of the Eye,Simulator
389,Outer Wilds: Echoes of the Eye,Strategy
390,New Super Mario Bros. 2,Adventure
390,New Super Mario Bros. 2,Platform
391,Wolfenstein II: The New Colossus,Adventure
391,Wolfenstein II: The New Colossus,Shooter
392,PokÃ©mon Diamond,Adventure
392,PokÃ©mon Diamond,RPG
392,PokÃ©mon Diamond,Turn Based Strategy
393,Into the Breach,Card & Board Game
393,Into the Breach,Indie
393,Into the Breach,Puzzle
393,Into the Breach,RPG
393,Into the Breach,Simulator
393,Into the Breach,Strategy
393,Into the Breach,Turn Based Strategy
394,Marvel Snap,Card & Board Game
394,Marvel Snap,Strategy
395,Nier: Automata - Game of the Yorha Edition,Adventure
395,Nier: Automata - Game of the Yorha Edition,RPG
396,Five Nights at Freddy's 2,Adventure
396,Five Nights at Freddy's 2,Indie
396,Five Nights at Freddy's 2,Point-and-Click
396,Five Nights at Freddy's 2,Simulator
396,Five Nights at Freddy's 2,Strategy
397,Mortal Kombat 11,Fighting
398,Witch on the Holy Night,Adventure
398,Witch on the Holy Night,Visual Novel
399,Dying Light 2: Stay Human,Adventure
399,Dying Light 2: Stay Human,RPG
400,Asura's Wrath,Brawler
401,Tales of Berseria,RPG
402,Ender Lilies: Quietus of the Knights,Adventure
402,Ender Lilies: Quietus of the Knights,Indie
402,Ender Lilies: Quietus of the Knights,Platform
402,Ender Lilies: Quietus of the Knights,RPG
403,Moon: Remix RPG Adventure,Adventure
403,Moon: Remix RPG Adventure,Puzzle
403,Moon: Remix RPG Adventure,RPG
404,Prince of Persia: The Sands of Time,Adventure
404,Prince of Persia: The Sands of Time,Platform
405,Assassin's Creed Syndicate,Adventure
406,Sunset Overdrive,Adventure
406,Sunset Overdrive,Platform
406,Sunset Overdrive,Shooter
407,Metal Gear Solid: Peace Walker,Shooter
407,Metal Gear Solid: Peace Walker,Strategy
408,Code Vein,Adventure
408,Code Vein,RPG
409,Mario Strikers: Battle League,Sport
410,Limbus Company,Adventure
410,Limbus Company,RPG
410,Limbus Company,Strategy
411,Resident Evil Village: Winters' Expansion,Shooter
412,Tony Hawk's Pro Skater 1+2,Simulator
412,Tony Hawk's Pro Skater 1+2,Sport
413,Need for Speed: Unbound,Racing
414,Zero Escape: Zero Time Dilemma,Adventure
414,Zero Escape: Zero Time Dilemma,Puzzle
414,Zero Escape: Zero Time Dilemma,RPG
414,Zero Escape: Zero Time Dilemma,Strategy
414,Zero Escape: Zero Time Dilemma,Visual Novel
415,Deus Ex: Mankind Divided,Adventure
415,Deus Ex: Mankind Divided,RPG
415,Deus Ex: Mankind Divided,Shooter
416,Guitar Hero III: Legends of Rock,Music
416,Guitar Hero III: Legends of Rock,Simulator
417,Sid Meier's Civilization VI,Simulator
417,Sid Meier's Civilization VI,Strategy
417,Sid Meier's Civilization VI,Turn Based Strategy
418,Nioh 2,Adventure
418,Nioh 2,Brawler
418,Nioh 2,RPG
419,Gears of War,Shooter
420,Final Fantasy Tactics,RPG
420,Final Fantasy Tactics,Strategy
420,Final Fantasy Tactics,Tactical
420,Final Fantasy Tactics,Turn Based Strategy
421,Deltarune,Adventure
421,Deltarune,Indie
421,Deltarune,Music
421,Deltarune,Puzzle
421,Deltarune,RPG
422,Tekken 3,Fighting
423,Far Cry 6,Adventure
423,Far Cry 6,Shooter
424,Horizon Zero Dawn: Complete Edition,Adventure
424,Horizon Zero Dawn: Complete Edition,RPG
424,Horizon Zero Dawn: Complete Edition,Shooter
426,Xenosaga Episode I: Der Wille zur Macht,Adventure
426,Xenosaga Episode I: Der Wille zur Macht,RPG
427,Everhood,Adventure
427,Everhood,Indie
427,Everhood,Music
427,Everhood,RPG
428,Don't Starve Together,Adventure
428,Don't Starve Together,Indie
428,Don't Starve Together,Simulator
428,Don't Starve Together,Strategy
429,South Park: The Fractured But Whole,Adventure
429,South Park: The Fractured But Whole,RPG
429,South Park: The Fractured But Whole,Strategy
430,God of War III: Remastered,Adventure
430,God of War III: Remastered,Brawler
431,Pokémon Ruby,Adventure
431,Pokémon Ruby,RPG
431,Pokémon Ruby,Turn Based Strategy
432,Fire Emblem: The Sacred Stones,RPG
432,Fire Emblem: The Sacred Stones,Strategy
432,Fire Emblem: The Sacred Stones,Tactical
432,Fire Emblem: The Sacred Stones,Turn Based Strategy
433,Library of Ruina,Indie
433,Library of Ruina,RPG
433,Library of Ruina,Simulator
433,Library of Ruina,Strategy
433,Library of Ruina,Turn Based Strategy
434,Uncharted: The Nathan Drake Collection,Adventure
434,Uncharted: The Nathan Drake Collection,Platform
434,Uncharted: The Nathan Drake Collection,Shooter
435,Persona 3 Portable,Adventure
435,Persona 3 Portable,RPG
435,Persona 3 Portable,Strategy
435,Persona 3 Portable,Visual Novel
436,Pyre,Adventure
436,Pyre,Indie
436,Pyre,RPG
436,Pyre,Visual Novel
437,Paladins,Shooter
437,Paladins,Strategy
438,Dead Space 3,Adventure
438,Dead Space 3,Shooter
439,Devil May Cry HD Collection,Brawler
439,Devil May Cry HD Collection,Platform
440,Bayonetta Origins: Cereza and the Lost Demon,Adventure
440,Bayonetta Origins: Cereza and the Lost Demon,Puzzle
441,Armored Core,Shooter
441,Armored Core,Simulator
442,Persona 4 Arena Ultimax,Fighting
443,Wanted: Dead,Adventure
443,Wanted: Dead,Brawler
443,Wanted: Dead,Shooter
444,Luigi's Mansion: Dark Moon,Adventure
445,Gorogoa,Adventure
445,Gorogoa,Indie
445,Gorogoa,Point-and-Click
445,Gorogoa,Puzzle
446,Valkyrie Elysium,Brawler
446,Valkyrie Elysium,RPG
447,Castlevania: Order of Ecclesia,Adventure
447,Castlevania: Order of Ecclesia,Brawler
447,Castlevania: Order of Ecclesia,Platform
447,Castlevania: Order of Ecclesia,RPG
448,Deadly Premonition,Adventure
448,Deadly Premonition,Shooter
449,LEGO Batman 2: DC Super Heroes,Adventure
449,LEGO Batman 2: DC Super Heroes,Brawler
449,LEGO Batman 2: DC Super Heroes,Platform
450,Lunistice,Adventure
450,Lunistice,Indie
450,Lunistice,Platform
451,Sonic Advance,Platform
452,Metal Slug,Arcade
452,Metal Slug,Platform
452,Metal Slug,Shooter
453,Just Cause 3,Adventure
454,Suikoden II,RPG
454,Suikoden II,Strategy
455,LittleBigPlanet,Platform
456,EarthBound Beginnings,Adventure
456,EarthBound Beginnings,RPG
457,Wario Land 3,Adventure
457,Wario Land 3,Platform
457,Wario Land 3,Puzzle
458,Faith: The Unholy Trinity,Adventure
458,Faith: The Unholy Trinity,Indie
459,Tales of Symphonia,RPG
461,The Dark Pictures Anthology: Man of Medan,Adventure
462,Saya no Uta,Visual Novel
463,River City Girls,Adventure
463,River City Girls,Arcade
463,River City Girls,Brawler
463,River City Girls,Fighting
464,Sonic Origins,Adventure
464,Sonic Origins,Platform
465,Kuru Kuru Kururin,Arcade
465,Kuru Kuru Kururin,Puzzle
466,Pikmin 2,Adventure
466,Pikmin 2,Strategy
467,Wonderful Everyday: Down the Rabbit-Hole,Adventure
467,Wonderful Everyday: Down the Rabbit-Hole,Visual Novel
468,Paper Mario: The Origami King,Adventure
468,Paper Mario: The Origami King,RPG
469,Conker's Bad Fur Day,Adventure
469,Conker's Bad Fur Day,Platform
469,Conker's Bad Fur Day,Shooter
470,Fire Emblem: Radiant Dawn,RPG
470,Fire Emblem: Radiant Dawn,Strategy
470,Fire Emblem: Radiant Dawn,Tactical
471,Need for Speed: Heat,Adventure
471,Need for Speed: Heat,Racing
471,Need for Speed: Heat,Sport
472,Skate 3,Sport
473,Braid,Adventure
473,Braid,Indie
473,Braid,Platform
473,Braid,Puzzle
473,Braid,Strategy
474,Metro 2033,RPG
474,Metro 2033,Shooter
475,Another Pokémon Game,Adventure
475,Another Pokémon Game,RPG
476,Super Mario Party,Card & Board Game
476,Super Mario Party,Platform
476,Super Mario Party,Puzzle
477,Kentucky Route Zero,Adventure
477,Kentucky Route Zero,Indie
477,Kentucky Route Zero,Point-and-Click
478,The Legend of Zelda: Twilight Princess HD,Adventure
478,The Legend of Zelda: Twilight Princess HD,Platform
478,The Legend of Zelda: Twilight Princess HD,Puzzle
479,We Love Katamari,Adventure
479,We Love Katamari,Puzzle
480,Serial Experiments Lain,Adventure
481,Kirby's Dream Land 2,Platform
482,Harvestella,Adventure
482,Harvestella,RPG
482,Harvestella,Simulator
483,Dishonored: Death of the Outsider,Adventure
483,Dishonored: Death of the Outsider,RPG
484,Life is Strange 2,Adventure
485,Banjo-Tooie,Adventure
485,Banjo-Tooie,Platform
486,The Legend of Zelda: Oracle of Ages,Adventure
486,The Legend of Zelda: Oracle of Ages,RPG
487,Lobotomy Corporation,Indie
487,Lobotomy Corporation,Simulator
488,Saints Row 2,Adventure
488,Saints Row 2,Racing
488,Saints Row 2,Shooter
489,Final Fantasy VII Rebirth,RPG
490,Castlevania: Bloodlines,Adventure
490,Castlevania: Bloodlines,Platform
491,Tiny Tina's Wonderlands,Adventure
491,Tiny Tina's Wonderlands,RPG
491,Tiny Tina's Wonderlands,Shooter
492,Utawarerumono: Mask of Truth,Adventure
492,Utawarerumono: Mask of Truth,RPG
492,Utawarerumono: Mask of Truth,Simulator
492,Utawarerumono: Mask of Truth,Strategy
492,Utawarerumono: Mask of Truth,Tactical
492,Utawarerumono: Mask of Truth,Visual Novel
493,Hitman World of Assassination,Adventure
493,Hitman World of Assassination,Shooter
493,Hitman World of Assassination,Tactical
494,Just Cause 2,Adventure
494,Just Cause 2,Racing
494,Just Cause 2,Shooter
495,Lies of P,RPG
496,Final Fantasy V,Adventure
496,Final Fantasy V,RPG
497,Jet Set Radio Future,Music
497,Jet Set Radio Future,Platform
497,Jet Set Radio Future,Racing
497,Jet Set Radio Future,Sport
498,Overcooked!,Arcade
498,Overcooked!,Indie
498,Overcooked!,Simulator
498,Overcooked!,Strategy
499,Shin Megami Tensei IV: Apocalypse,Adventure
499,Shin Megami Tensei IV: Apocalypse,RPG
500,Muse Dash,Indie
500,Muse Dash,Music
501,Fire Emblem: Genealogy of the Holy War,RPG
501,Fire Emblem: Genealogy of the Holy War,Strategy
501,Fire Emblem: Genealogy of the Holy War,Turn Based Strategy
502,Judas,Adventure
502,Judas,Shooter
503,Half-Life: Opposing Force,Platform
503,Half-Life: Opposing Force,Puzzle
503,Half-Life: Opposing Force,Shooter
504,Bloodborne PSX,Adventure
504,Bloodborne PSX,RPG
505,Prototype,Adventure
505,Prototype,Brawler
505,Prototype,Platform
506,Pokémon Gold,Adventure
506,Pokémon Gold,RPG
506,Pokémon Gold,Turn Based Strategy
507,Valheim,Adventure
507,Valheim,Indie
507,Valheim,RPG
508,Your Turn To Die: Death Game By Majority,Adventure
508,Your Turn To Die: Death Game By Majority,Indie
508,Your Turn To Die: Death Game By Majority,Visual Novel
509,Gal Guardians: Demon Purge,Adventure
509,Gal Guardians: Demon Purge,Platform
510,Mortal Shell,Indie
510,Mortal Shell,RPG
511,Kingdom Come: Deliverance,Adventure
511,Kingdom Come: Deliverance,RPG
513,Sleeping Dogs: Definitive Edition,Adventure
513,Sleeping Dogs: Definitive Edition,Brawler
513,Sleeping Dogs: Definitive Edition,Racing
513,Sleeping Dogs: Definitive Edition,Shooter
514,Resident Evil 4: Ultimate HD Edition,Adventure
514,Resident Evil 4: Ultimate HD Edition,Shooter
515,LEGO Builder's Journey,Adventure
515,LEGO Builder's Journey,Indie
515,LEGO Builder's Journey,Puzzle
516,Guilty Gear Xrd: Rev 2,Fighting
517,Super Kiwi 64,Adventure
517,Super Kiwi 64,Arcade
517,Super Kiwi 64,Platform
518,Infamous 2,Adventure
518,Infamous 2,Brawler
518,Infamous 2,Puzzle
519,Fallout 3: Game of the Year Edition,Adventure
519,Fallout 3: Game of the Year Edition,RPG
519,Fallout 3: Game of the Year Edition,Shooter
520,Melatonin,Arcade
520,Melatonin,Indie
520,Melatonin,Music
520,Melatonin,Puzzle
521,Gungrave G.O.R.E,Adventure
521,Gungrave G.O.R.E,Fighting
521,Gungrave G.O.R.E,Shooter
521,Gungrave G.O.R.E,Simulator
521,Gungrave G.O.R.E,Strategy
522,Like a Dragon Gaiden: The Man Who Erased His Name,Adventure
522,Like a Dragon Gaiden: The Man Who Erased His Name,Brawler
522,Like a Dragon Gaiden: The Man Who Erased His Name,RPG
523,Garten of Banban,Adventure
523,Garten of Banban,Indie
523,Garten of Banban,Puzzle
524,Hitman: Blood Money,Shooter
525,Professor Layton and the Unwound Future,Point-and-Click
525,Professor Layton and the Unwound Future,Puzzle
525,Professor Layton and the Unwound Future,Visual Novel
526,The Dark Pictures Anthology: The Devil in Me,Adventure
527,Donkey Kong Country: Tropical Freeze,Platform
528,Fire Emblem: Thracia 776,RPG
528,Fire Emblem: Thracia 776,Strategy
528,Fire Emblem: Thracia 776,Tactical
529,Moonlighter,Adventure
529,Moonlighter,Brawler
529,Moonlighter,Indie
529,Moonlighter,RPG
529,Moonlighter,Simulator
530,Pikmin 3,Adventure
530,Pikmin 3,Strategy
531,Five Nights at Freddy's 4,Adventure
531,Five Nights at Freddy's 4,Indie
531,Five Nights at Freddy's 4,Point-and-Click
531,Five Nights at Freddy's 4,Simulator
531,Five Nights at Freddy's 4,Strategy
532,Chaos;Head Noah,Adventure
532,Chaos;Head Noah,Simulator
532,Chaos;Head Noah,Visual Novel
533,Nier: Automata - The End of Yorha Edition,Adventure
533,Nier: Automata - The End of Yorha Edition,RPG
534,Phoenix Wright: Ace Attorney - Spirit of Justice,Adventure
534,Phoenix Wright: Ace Attorney - Spirit of Justice,Point-and-Click
534,Phoenix Wright: Ace Attorney - Spirit of Justice,Puzzle
534,Phoenix Wright: Ace Attorney - Spirit of Justice,RPG
534,Phoenix Wright: Ace Attorney - Spirit of Justice,Visual Novel
535,Crysis,Adventure
535,Crysis,Shooter
536,Fallout Shelter,RPG
536,Fallout Shelter,Simulator
536,Fallout Shelter,Strategy
537,Sonic and the Secret Rings,Platform
538,FTL: Faster Than Light,Indie
538,FTL: Faster Than Light,RPG
538,FTL: Faster Than Light,Simulator
538,FTL: Faster Than Light,Strategy
539,Mario Party 2,Card & Board Game
540,Attack of the Friday Monsters! A Tokyo Tale,Adventure
540,Attack of the Friday Monsters! A Tokyo Tale,Simulator
541,Animal Crossing,Simulator
542,Fire Emblem Fates: Revelation,RPG
542,Fire Emblem Fates: Revelation,Strategy
542,Fire Emblem Fates: Revelation,Turn Based Strategy
543,Bloodstained: Curse of the Moon,Adventure
543,Bloodstained: Curse of the Moon,Indie
543,Bloodstained: Curse of the Moon,Platform
544,Final Fantasy XIII-2,Adventure
544,Final Fantasy XIII-2,RPG
545,Agar.io,Indie
545,Agar.io,Strategy
546,Fatal Frame II: Crimson Butterfly,Adventure
547,World of Warcraft,Adventure
547,World of Warcraft,RPG
548,The Legend of Heroes: Trails of Cold Steel II,Adventure
548,The Legend of Heroes: Trails of Cold Steel II,RPG
548,The Legend of Heroes: Trails of Cold Steel II,Turn Based Strategy
549,Gang Beasts,Fighting
549,Gang Beasts,Indie
550,Armored Core 3,Shooter
550,Armored Core 3,Strategy
551,Star Wars: The Force Unleashed II,Adventure
551,Star Wars: The Force Unleashed II,Brawler
551,Star Wars: The Force Unleashed II,RPG
552,Fortnite,Adventure
552,Fortnite,RPG
552,Fortnite,Shooter
552,Fortnite,Strategy
553,Fall Guys,Indie
553,Fall Guys,Platform
553,Fall Guys,Sport
554,It Takes Two,Adventure
554,It Takes Two,Platform
554,It Takes Two,Puzzle
555,BioShock,Adventure
555,BioShock,RPG
555,BioShock,Shooter
556,Metal Gear Solid,Adventure
556,Metal Gear Solid,Tactical
557,Yakuza: Like a Dragon,Adventure
557,Yakuza: Like a Dragon,RPG
557,Yakuza: Like a Dragon,Turn Based Strategy
558,Animal Crossing: New Horizons,Simulator
559,BioShock Infinite,Adventure
559,BioShock Infinite,Shooter
562,Mirror's Edge,Adventure
562,Mirror's Edge,Platform
562,Mirror's Edge,Shooter
563,Bayonetta 2,Brawler
564,Sonic Generations,Adventure
564,Sonic Generations,Platform
565,Shin Megami Tensei: Nocturne,RPG
566,Death's Door,Adventure
566,Death's Door,Brawler
566,Death's Door,Indie
566,Death's Door,RPG
567,Devil May Cry 3: Dante's Awakening - Special Edition,Adventure
567,Devil May Cry 3: Dante's Awakening - Special Edition,Brawler
567,Devil May Cry 3: Dante's Awakening - Special Edition,Shooter
568,Assassin's Creed IV Black Flag,Adventure
568,Assassin's Creed IV Black Flag,Platform
570,Crisis Core: Final Fantasy VII - Reunion,RPG
571,Metroid Prime,Adventure
571,Metroid Prime,Platform
571,Metroid Prime,Shooter
572,Sonic the Hedgehog 2,Adventure
572,Sonic the Hedgehog 2,Platform
573,Metal Gear Solid 4: Guns of the Patriots,Adventure
573,Metal Gear Solid 4: Guns of the Patriots,Shooter
573,Metal Gear Solid 4: Guns of the Patriots,Tactical
574,Atomic Heart,Adventure
574,Atomic Heart,RPG
574,Atomic Heart,Shooter
576,Resident Evil 5,Adventure
576,Resident Evil 5,Shooter
577,The World Ends with You,Arcade
577,The World Ends with You,RPG
578,A Hat in Time,Adventure
578,A Hat in Time,Indie
578,A Hat in Time,Platform
579,Scorn,Adventure
579,Scorn,Indie
579,Scorn,Puzzle
580,Fire Emblem: Awakening,Adventure
580,Fire Emblem: Awakening,RPG
580,Fire Emblem: Awakening,Strategy
581,Cuphead: The Delicious Last Course,Adventure
581,Cuphead: The Delicious Last Course,Indie
581,Cuphead: The Delicious Last Course,Platform
582,Ori and the Will of the Wisps,Adventure
582,Ori and the Will of the Wisps,Platform
583,Mass Effect,RPG
583,Mass Effect,Shooter
584,Return of the Obra Dinn,Adventure
584,Return of the Obra Dinn,Indie
584,Return of the Obra Dinn,Puzzle
585,Kingdom Hearts III,Adventure
585,Kingdom Hearts III,Brawler
585,Kingdom Hearts III,RPG
586,Fallout 3,RPG
586,Fallout 3,Shooter
587,Uncharted: Drake's Fortune,Adventure
587,Uncharted: Drake's Fortune,Platform
587,Uncharted: Drake's Fortune,Shooter
588,"Zero Escape: Nine Hours, Nine Persons, Nine Doors",Adventure
588,"Zero Escape: Nine Hours, Nine Persons, Nine Doors",Point-and-Click
588,"Zero Escape: Nine Hours, Nine Persons, Nine Doors",Puzzle
588,"Zero Escape: Nine Hours, Nine Persons, Nine Doors",Visual Novel
589,Lost Judgment,Adventure
589,Lost Judgment,Brawler
589,Lost Judgment,RPG
590,Super Mario 3D Land,Platform
591,Gris,Adventure
591,Gris,Indie
591,Gris,Platform
591,Gris,Puzzle
592,Silent Hill 3,Adventure
592,Silent Hill 3,Puzzle
593,Call of Duty: Modern Warfare 2,Shooter
594,The Walking Dead: Season One,Adventure
594,The Walking Dead: Season One,Point-and-Click
595,Mario Kart DS,Racing
596,Apex Legends,Shooter
597,Devil May Cry 2,Adventure
597,Devil May Cry 2,Brawler
598,The Legend of Zelda: Ocarina of Time 3D,Adventure
598,The Legend of Zelda: Ocarina of Time 3D,Puzzle
598,The Legend of Zelda: Ocarina of Time 3D,RPG
599,Twelve Minutes,Adventure
599,Twelve Minutes,Indie
599,Twelve Minutes,Point-and-Click
599,Twelve Minutes,Puzzle
602,Rayman Legends,Adventure
602,Rayman Legends,Platform
603,Uncharted 2: Among Thieves,Adventure
603,Uncharted 2: Among Thieves,Platform
603,Uncharted 2: Among Thieves,Shooter
604,Monster Hunter: World,Adventure
604,Monster Hunter: World,RPG
605,Milk inside a bag of milk inside a bag of milk,Adventure
605,Milk inside a bag of milk inside a bag of milk,Indie
605,Milk inside a bag of milk inside a bag of milk,Visual Novel
606,The Legend of Zelda: A Link Between Worlds,Adventure
606,The Legend of Zelda: A Link Between Worlds,Puzzle
606,The Legend of Zelda: A Link Between Worlds,RPG
607,Final Fantasy XIV: Endwalker,Adventure
607,Final Fantasy XIV: Endwalker,RPG
608,The Legend of Zelda: The Minish Cap,Adventure
608,The Legend of Zelda: The Minish Cap,RPG
609,Pokémon Go,RPG
609,Pokémon Go,Simulator
610,Night in the Woods,Adventure
610,Night in the Woods,Indie
610,Night in the Woods,Platform
611,Shin Megami Tensei IV,RPG
612,Kingdom Hearts II,Adventure
612,Kingdom Hearts II,RPG
613,Castlevania: Aria of Sorrow,Adventure
613,Castlevania: Aria of Sorrow,Platform
613,Castlevania: Aria of Sorrow,RPG
614,Halo: Reach,Shooter
615,Grand Theft Auto: Vice City,Adventure
615,Grand Theft Auto: Vice City,Arcade
615,Grand Theft Auto: Vice City,Racing
615,Grand Theft Auto: Vice City,Shooter
616,A Short Hike,Adventure
616,A Short Hike,Indie
616,A Short Hike,Platform
617,The Legend of Zelda: Tears of the Kingdom,Adventure
617,The Legend of Zelda: Tears of the Kingdom,RPG
618,Assassin's Creed III,Adventure
618,Assassin's Creed III,Strategy
619,Castlevania,Adventure
619,Castlevania,Platform
620,Milk outside a bag of milk outside a bag of milk,Adventure
620,Milk outside a bag of milk outside a bag of milk,Indie
620,Milk outside a bag of milk outside a bag of milk,Visual Novel
621,Lisa,Adventure
621,Lisa,Indie
621,Lisa,RPG
622,Crash Bandicoot,Platform
623,The Legend of Zelda: The Wind Waker HD,Adventure
623,The Legend of Zelda: The Wind Waker HD,Puzzle
624,The Outer Worlds,Adventure
624,The Outer Worlds,RPG
624,The Outer Worlds,Shooter
625,The Legend of Zelda: Majora's Mask 3D,Adventure
625,The Legend of Zelda: Majora's Mask 3D,RPG
626,The Callisto Protocol,Adventure
626,The Callisto Protocol,Shooter
627,The Wolf Among Us,Adventure
627,The Wolf Among Us,Point-and-Click
628,Dead Space 2,Adventure
628,Dead Space 2,Shooter
629,Super Mario Bros. 2,Adventure
629,Super Mario Bros. 2,Platform
630,Until Dawn,Adventure
631,Kid Icarus: Uprising,Brawler
631,Kid Icarus: Uprising,Shooter
632,Chained Echoes,Adventure
632,Chained Echoes,Indie
632,Chained Echoes,RPG
632,Chained Echoes,Strategy
632,Chained Echoes,Turn Based Strategy
633,BioShock Remastered,Adventure
633,BioShock Remastered,RPG
633,BioShock Remastered,Shooter
634,Sonic Unleashed,Adventure
634,Sonic Unleashed,Brawler
634,Sonic Unleashed,Platform
635,Yakuza 5 Remastered,Adventure
636,Metal Gear Solid 3: Subsistence,Adventure
636,Metal Gear Solid 3: Subsistence,Shooter
636,Metal Gear Solid 3: Subsistence,Tactical
637,Super Mario World 2: Yoshi's Island,Platform
638,Devil May Cry 4,Adventure
638,Devil May Cry 4,Brawler
639,Donut County,Adventure
639,Donut County,Indie
639,Donut County,Puzzle
640,Assassin's Creed Origins,Adventure
640,Assassin's Creed Origins,RPG
641,Ghostwire: Tokyo,Adventure
642,Yakuza 4 Remastered,Adventure
642,Yakuza 4 Remastered,Brawler
643,Call of Duty: Modern Warfare II,Shooter
644,Crash Bandicoot 4: It's About Time,Platform
645,Grand Theft Auto III,Adventure
645,Grand Theft Auto III,Racing
645,Grand Theft Auto III,Shooter
645,Grand Theft Auto III,Simulator
646,Dead by Daylight,Indie
646,Dead by Daylight,Strategy
647,Abzu,Adventure
647,Abzu,Indie
647,Abzu,Puzzle
647,Abzu,Simulator
648,Batman: Arkham Origins,Adventure
648,Batman: Arkham Origins,Brawler
649,Splatoon 2,Platform
649,Splatoon 2,Shooter
650,Pokémon HeartGold,Adventure
650,Pokémon HeartGold,RPG
650,Pokémon HeartGold,Turn Based Strategy
651,Kena: Bridge of Spirits,Adventure
651,Kena: Bridge of Spirits,Indie
652,Final Fantasy VIII,Adventure
652,Final Fantasy VIII,RPG
653,The Elder Scrolls IV: Oblivion,Adventure
653,The Elder Scrolls IV: Oblivion,RPG
654,The Silver Case,Adventure
654,The Silver Case,Puzzle
654,The Silver Case,Visual Novel
655,Marvel's Spider-Man Remastered,Adventure
655,Marvel's Spider-Man Remastered,Brawler
656,Alan Wake,Adventure
656,Alan Wake,Shooter
657,A Way Out,Adventure
658,LEGO Batman: The Video Game,Adventure
658,LEGO Batman: The Video Game,Brawler
658,LEGO Batman: The Video Game,Platform
659,Borderlands 3,RPG
659,Borderlands 3,Shooter
660,Dragon Ball FighterZ,Fighting
661,Ico,Adventure
661,Ico,Platform
661,Ico,Puzzle
662,Shin Megami Tensei III: Nocturne - HD Remaster,RPG
662,Shin Megami Tensei III: Nocturne - HD Remaster,Turn Based Strategy
663,The Witness,Adventure
663,The Witness,Indie
663,The Witness,Puzzle
664,Animal Crossing: New Leaf,Simulator
665,Wo Long: Fallen Dynasty,Adventure
665,Wo Long: Fallen Dynasty,RPG
666,Final Fantasy VII Remake Intergrade,Adventure
666,Final Fantasy VII Remake Intergrade,RPG
667,Sonic Adventure 2,Adventure
667,Sonic Adventure 2,Platform
668,Destiny 2,Adventure
668,Destiny 2,RPG
668,Destiny 2,Shooter
669,Kirby's Dream Land,Platform
670,Mario Kart 8,Arcade
670,Mario Kart 8,Racing
671,Xenoblade Chronicles,Adventure
671,Xenoblade Chronicles,RPG
672,The Forgotten City,Adventure
672,The Forgotten City,Indie
672,The Forgotten City,RPG
673,Untitled Goose Game,Adventure
673,Untitled Goose Game,Indie
673,Untitled Goose Game,Puzzle
673,Untitled Goose Game,Simulator
674,Sonic Adventure 2: Battle,Adventure
674,Sonic Adventure 2: Battle,Platform
675,Saints Row: The Third,Adventure
675,Saints Row: The Third,Racing
675,Saints Row: The Third,Shooter
676,Call of Duty: Black Ops III,Adventure
676,Call of Duty: Black Ops III,Shooter
677,Pokémon Red,Adventure
677,Pokémon Red,RPG
677,Pokémon Red,Turn Based Strategy
678,Tinykin,Adventure
678,Tinykin,Arcade
678,Tinykin,Indie
678,Tinykin,Platform
678,Tinykin,Puzzle
678,Tinykin,RPG
679,Dragon's Dogma: Dark Arisen,Adventure
679,Dragon's Dogma: Dark Arisen,RPG
680,Brawlhalla,Arcade
680,Brawlhalla,Fighting
680,Brawlhalla,Indie
680,Brawlhalla,Platform
681,Pokémon Unite,MOBA
682,Black Mesa,Adventure
682,Black Mesa,Indie
682,Black Mesa,Platform
682,Black Mesa,Shooter
683,The Messenger,Adventure
683,The Messenger,Arcade
683,The Messenger,Indie
683,The Messenger,Platform
684,Jet Set Radio,Platform
685,Pathologic 2,Adventure
685,Pathologic 2,Indie
685,Pathologic 2,RPG
686,Tactics Ogre: Reborn,RPG
686,Tactics Ogre: Reborn,Simulator
686,Tactics Ogre: Reborn,Strategy
686,Tactics Ogre: Reborn,Tactical
687,Hyper Light Drifter,Adventure
687,Hyper Light Drifter,Indie
687,Hyper Light Drifter,Platform
687,Hyper Light Drifter,RPG
688,Left 4 Dead,Shooter
689,The 25th Ward: The Silver Case,Adventure
689,The 25th Ward: The Silver Case,Puzzle
689,The 25th Ward: The Silver Case,Visual Novel
690,Darkest Dungeon,Adventure
690,Darkest Dungeon,Indie
690,Darkest Dungeon,RPG
690,Darkest Dungeon,Strategy
690,Darkest Dungeon,Turn Based Strategy
691,Roblox,Adventure
691,Roblox,Platform
691,Roblox,Simulator
692,The Last Guardian,Adventure
692,The Last Guardian,Platform
692,The Last Guardian,Puzzle
693,Drakengard 3,Adventure
693,Drakengard 3,Brawler
693,Drakengard 3,RPG
693,Drakengard 3,Strategy
694,Half-Life 2: Episode One,Shooter
695,Assassin's Creed Revelations,Adventure
696,Half-Life 2: Episode Two,Puzzle
696,Half-Life 2: Episode Two,Shooter
697,Mega Man,Adventure
697,Mega Man,Platform
698,PowerWash Simulator,Indie
698,PowerWash Simulator,Simulator
699,Cave Story,Adventure
699,Cave Story,Indie
699,Cave Story,Platform
699,Cave Story,Shooter
700,Final Fantasy XIV: Shadowbringers,RPG
701,Days Gone,Adventure
701,Days Gone,Shooter
702,Tom Clancy's Rainbow Six Siege,Shooter
702,Tom Clancy's Rainbow Six Siege,Tactical
703,Trek to Yomi,Adventure
703,Trek to Yomi,Brawler
703,Trek to Yomi,Indie
704,Sonic CD,Platform
705,Mario Kart: Double Dash!!,Racing
706,Rayman Origins,Adventure
706,Rayman Origins,Platform
707,Klonoa Phantasy Reverie Series,Adventure
707,Klonoa Phantasy Reverie Series,Platform
708,Hitman 2,Adventure
708,Hitman 2,Shooter
708,Hitman 2,Tactical
709,Max Payne 3,Shooter
710,Catherine: Full Body,Adventure
710,Catherine: Full Body,Platform
710,Catherine: Full Body,Puzzle
710,Catherine: Full Body,Simulator
710,Catherine: Full Body,Strategy
711,Kirby: Planet Robobot,Adventure
711,Kirby: Planet Robobot,Platform
712,Battlefield 1,Shooter
713,Kirby’s Return to Dream Land Deluxe,Adventure
713,Kirby’s Return to Dream Land Deluxe,Platform
714,Persona 2: Eternal Punishment,Adventure
714,Persona 2: Eternal Punishment,RPG
715,Star Wars Battlefront II,Adventure
715,Star Wars Battlefront II,Shooter
716,Super Paper Mario,Adventure
716,Super Paper Mario,Platform
716,Super Paper Mario,RPG
717,The Great Ace Attorney 2: Resolve,Adventure
717,The Great Ace Attorney 2: Resolve,Point-and-Click
717,The Great Ace Attorney 2: Resolve,Puzzle
717,The Great Ace Attorney 2: Resolve,Visual Novel
718,Bugsnax,Adventure
718,Bugsnax,Indie
718,Bugsnax,Puzzle
719,Star Wars: Battlefront II,Shooter
720,Pokémon Shield,Adventure
720,Pokémon Shield,RPG
720,Pokémon Shield,Turn Based Strategy
721,Super Castlevania IV,Adventure
721,Super Castlevania IV,Platform
722,Brothers: A Tale of Two Sons,Adventure
722,Brothers: A Tale of Two Sons,Indie
722,Brothers: A Tale of Two Sons,Puzzle
723,Call of Duty: Modern Warfare,Shooter
724,GoldenEye 007,Shooter
725,"WarioWare, Inc.: Mega Microgames!",Arcade
726,Evil West,Adventure
726,Evil West,Brawler
726,Evil West,Shooter
727,Gravity Rush 2,Adventure
727,Gravity Rush 2,Platform
728,Metroid Prime 2: Echoes,Adventure
728,Metroid Prime 2: Echoes,Platform
728,Metroid Prime 2: Echoes,Shooter
729,The Forest,Adventure
729,The Forest,Indie
729,The Forest,Puzzle
729,The Forest,Simulator
730,CrossCode,Adventure
730,CrossCode,Indie
730,CrossCode,Puzzle
730,CrossCode,RPG
731,Sekiro: Shadows Die Twice - GOTY Edition,Adventure
731,Sekiro: Shadows Die Twice - GOTY Edition,Brawler
731,Sekiro: Shadows Die Twice - GOTY Edition,RPG
732,Saints Row IV,Adventure
732,Saints Row IV,Shooter
733,Fallout 2,RPG
733,Fallout 2,Turn Based Strategy
734,Chrono Cross,RPG
735,Fire Emblem: Path of Radiance,RPG
735,Fire Emblem: Path of Radiance,Strategy
735,Fire Emblem: Path of Radiance,Tactical
735,Fire Emblem: Path of Radiance,Turn Based Strategy
736,Kingdom Hearts Final Mix,RPG
737,Professor Layton and the Curious Village,Point-and-Click
737,Professor Layton and the Curious Village,Puzzle
737,Professor Layton and the Curious Village,Visual Novel
738,Ys VIII: Lacrimosa of Dana,Adventure
738,Ys VIII: Lacrimosa of Dana,RPG
739,Hotel Dusk: Room 215,Adventure
739,Hotel Dusk: Room 215,Point-and-Click
739,Hotel Dusk: Room 215,Puzzle
739,Hotel Dusk: Room 215,Visual Novel
740,Postal 2,Adventure
740,Postal 2,Indie
740,Postal 2,Shooter
741,Fez,Adventure
741,Fez,Indie
741,Fez,Platform
741,Fez,Puzzle
742,Marvel's Midnight Suns,RPG
742,Marvel's Midnight Suns,Strategy
742,Marvel's Midnight Suns,Tactical
743,Streets of Rage 4,Arcade
743,Streets of Rage 4,Brawler
743,Streets of Rage 4,Fighting
743,Streets of Rage 4,Indie
744,Shin Megami Tensei: Persona,RPG
745,Kirby's Return to Dream Land,Adventure
745,Kirby's Return to Dream Land,Platform
746,BioShock 2 Remastered,RPG
746,BioShock 2 Remastered,Shooter
747,God of War: Chains of Olympus,Adventure
747,God of War: Chains of Olympus,Brawler
748,Splatoon,Platform
748,Splatoon,Shooter
749,Nickelodeon All-Star Brawl,Arcade
749,Nickelodeon All-Star Brawl,Fighting
750,The Great Ace Attorney: Adventures,Adventure
750,The Great Ace Attorney: Adventures,Point-and-Click
750,The Great Ace Attorney: Adventures,Puzzle
750,The Great Ace Attorney: Adventures,Visual Novel
751,Sonic Rush,Platform
753,Street Fighter V,Arcade
753,Street Fighter V,Fighting
754,Somerville,Adventure
755,Bully: Scholarship Edition,Adventure
756,Borderlands: The Pre-Sequel,RPG
756,Borderlands: The Pre-Sequel,Shooter
757,Star Wars Jedi: Survivor,Adventure
758,Alice: Madness Returns,Adventure
758,Alice: Madness Returns,Brawler
758,Alice: Madness Returns,Platform
759,Super Mario 3D All-Stars,Adventure
759,Super Mario 3D All-Stars,Platform
760,S.T.A.L.K.E.R.: Shadow of Chernobyl,RPG
760,S.T.A.L.K.E.R.: Shadow of Chernobyl,Shooter
761,JoJo’s Bizarre Adventure: All-Star Battle R,Adventure
761,JoJo’s Bizarre Adventure: All-Star Battle R,Fighting
762,Geometry Dash,Adventure
762,Geometry Dash,Arcade
762,Geometry Dash,Indie
762,Geometry Dash,Music
762,Geometry Dash,Platform
763,Mario + Rabbids Sparks of Hope,Adventure
763,Mario + Rabbids Sparks of Hope,Strategy
763,Mario + Rabbids Sparks of Hope,Tactical
763,Mario + Rabbids Sparks of Hope,Turn Based Strategy
764,Back 4 Blood,Shooter
765,Half-Life: Alyx,Adventure
765,Half-Life: Alyx,Puzzle
765,Half-Life: Alyx,Shooter
766,Hyper Demon,Indie
766,Hyper Demon,Shooter
767,Mortal Kombat,Fighting
769,Call of Duty: Ghosts,Shooter
770,Ridge Racer Type 4,Racing
771,Lil Gator Game,Adventure
771,Lil Gator Game,Indie
771,Lil Gator Game,Platform
772,Oxenfree,Adventure
772,Oxenfree,Indie
773,Overcooked! 2,Arcade
773,Overcooked! 2,Indie
773,Overcooked! 2,Simulator
773,Overcooked! 2,Strategy
773,Overcooked! 2,Tactical
774,Before Your Eyes,Adventure
774,Before Your Eyes,Indie
775,Sly Cooper and the Thievius Raccoonus,Adventure
775,Sly Cooper and the Thievius Raccoonus,Platform
776,Nobody Saves the World,Adventure
776,Nobody Saves the World,Brawler
776,Nobody Saves the World,Indie
776,Nobody Saves the World,RPG
777,Crazy Taxi,Arcade
777,Crazy Taxi,Racing
778,Chrono Cross: The Radical Dreamers Edition,Adventure
778,Chrono Cross: The Radical Dreamers Edition,RPG
779,Spore,Adventure
779,Spore,Strategy
779,Spore,RPG
779,Spore,Simulator
780,Dwarf Fortress,Indie
780,Dwarf Fortress,RPG
780,Dwarf Fortress,Simulator
780,Dwarf Fortress,Strategy
781,Klonoa 2: Lunatea's Veil,Adventure
781,Klonoa 2: Lunatea's Veil,Platform
781,Klonoa 2: Lunatea's Veil,Sport
782,Pokémon Blue,Adventure
782,Pokémon Blue,RPG
782,Pokémon Blue,Turn Based Strategy
783,Planescape: Torment,RPG
783,Planescape: Torment,Strategy
784,Far Cry 3: Blood Dragon,Adventure
784,Far Cry 3: Blood Dragon,Shooter
785,BattleBlock Theater,Adventure
785,BattleBlock Theater,Indie
785,BattleBlock Theater,Platform
785,BattleBlock Theater,Puzzle
786,The Beginner's Guide,Adventure
786,The Beginner's Guide,Indie
787,We Love Katamari Reroll + Royal Reverie,Adventure
787,We Love Katamari Reroll + Royal Reverie,Puzzle
788,Naruto Shippuden: Ultimate Ninja Storm 4,Adventure
788,Naruto Shippuden: Ultimate Ninja Storm 4,Fighting
789,Mega Man 3,Adventure
789,Mega Man 3,Platform
790,Ni no Kuni: Wrath of the White Witch,Adventure
790,Ni no Kuni: Wrath of the White Witch,RPG
791,Fortnite: Chapter 4,RPG
791,Fortnite: Chapter 4,Shooter
791,Fortnite: Chapter 4,Strategy
792,Danganronpa Another Episode: Ultra Despair Girls,Adventure
792,Danganronpa Another Episode: Ultra Despair Girls,Brawler
792,Danganronpa Another Episode: Ultra Despair Girls,Puzzle
792,Danganronpa Another Episode: Ultra Despair Girls,Shooter
793,The Artful Escape,Adventure
793,The Artful Escape,Indie
793,The Artful Escape,Music
793,The Artful Escape,Platform
794,Dishonored: Definitive Edition,Adventure
794,Dishonored: Definitive Edition,Shooter
795,Pac-Man World Re-Pac,Adventure
795,Pac-Man World Re-Pac,Arcade
795,Pac-Man World Re-Pac,Platform
795,Pac-Man World Re-Pac,Racing
795,Pac-Man World Re-Pac,Shooter
796,Ib,Adventure
796,Ib,Indie
796,Ib,Puzzle
796,Ib,RPG
797,Castlevania: Circle of the Moon,Adventure
797,Castlevania: Circle of the Moon,Platform
797,Castlevania: Circle of the Moon,RPG
798,Higurashi: When They Cry,Adventure
798,Higurashi: When They Cry,Visual Novel
799,Life is Strange: Before the Storm,Adventure
800,Darkwood,Adventure
800,Darkwood,Indie
800,Darkwood,RPG
801,Beyond Good & Evil,Adventure
801,Beyond Good & Evil,Shooter
802,Metroid II: Return of Samus,Adventure
802,Metroid II: Return of Samus,Platform
802,Metroid II: Return of Samus,Shooter
803,Shenmue,Adventure
803,Shenmue,Brawler
803,Shenmue,RPG
803,Shenmue,Simulator
804,Project Zomboid,Indie
804,Project Zomboid,RPG
804,Project Zomboid,Simulator
805,Crash Team Racing,Racing
806,Carrion,Adventure
806,Carrion,Indie
806,Carrion,Platform
807,Gears of War 2,Shooter
808,Phoenix Wright: Ace Attorney - Dual Destinies,Adventure
808,Phoenix Wright: Ace Attorney - Dual Destinies,Puzzle
808,Phoenix Wright: Ace Attorney - Dual Destinies,RPG
808,Phoenix Wright: Ace Attorney - Dual Destinies,Simulator
808,Phoenix Wright: Ace Attorney - Dual Destinies,Visual Novel
809,The Legend of Zelda: Oracle of Seasons,Adventure
809,The Legend of Zelda: Oracle of Seasons,RPG
810,Wild Hearts,Adventure
811,God of War: Ascension,Adventure
811,God of War: Ascension,Brawler
812,Xenosaga Episode III: Also sprach Zarathustra,Adventure
812,Xenosaga Episode III: Also sprach Zarathustra,RPG
813,Kirby's Dream Land 3,Adventure
813,Kirby's Dream Land 3,Platform
814,Castlevania: Harmony of Dissonance,Adventure
814,Castlevania: Harmony of Dissonance,Platform
814,Castlevania: Harmony of Dissonance,RPG
815,Shantae and the Pirate's Curse,Adventure
815,Shantae and the Pirate's Curse,Indie
815,Shantae and the Pirate's Curse,Platform
815,Shantae and the Pirate's Curse,RPG
816,Happy Wheels,Adventure
816,Happy Wheels,Platform
816,Happy Wheels,Racing
817,Guilty Gear XX Accent Core Plus R,Arcade
817,Guilty Gear XX Accent Core Plus R,Fighting
818,Fire Emblem Fates: Birthright,RPG
818,Fire Emblem Fates: Birthright,Strategy
818,Fire Emblem Fates: Birthright,Turn Based Strategy
819,Final Fantasy IV,RPG
820,Devil May Cry 5: Special Edition,Brawler
821,Castlevania III: Dracula's Curse,Adventure
821,Castlevania III: Dracula's Curse,Platform
822,Gloomwood,Adventure
822,Gloomwood,Indie
822,Gloomwood,Shooter
823,Call of Duty: Advanced Warfare,Shooter
824,The Legend of Heroes: Trails of Cold Steel,Adventure
824,The Legend of Heroes: Trails of Cold Steel,RPG
824,The Legend of Heroes: Trails of Cold Steel,Turn Based Strategy
825,Metal Gear Solid 3: Snake Eater HD Edition,Adventure
825,Metal Gear Solid 3: Snake Eater HD Edition,Shooter
826,Mario Kart: Super Circuit,Racing
827,Pokémon Shining Pearl,Adventure
827,Pokémon Shining Pearl,RPG
827,Pokémon Shining Pearl,Turn Based Strategy
828,PUBG: Battlegrounds,Shooter
829,Earthblade,Adventure
829,Earthblade,Indie
829,Earthblade,RPG
831,Rule of Rose,Adventure
831,Rule of Rose,Puzzle
832,Lollipop Chainsaw,Brawler
833,Pokémon LeafGreen,Adventure
833,Pokémon LeafGreen,RPG
833,Pokémon LeafGreen,Turn Based Strategy
834,Bowser's Fury,Adventure
834,Bowser's Fury,Platform
835,ZeroRanger,Arcade
835,ZeroRanger,Indie
835,ZeroRanger,Shooter
836,Labyrinth of Galleria: The Moon Society,Adventure
836,Labyrinth of Galleria: The Moon Society,RPG
836,Labyrinth of Galleria: The Moon Society,Strategy
837,Street Fighter II,Arcade
837,Street Fighter II,Fighting
838,Resident Evil: Revelations,Adventure
838,Resident Evil: Revelations,Shooter
839,Shin Megami Tensei,RPG
841,FIFA 23,Simulator
841,FIFA 23,Sport
842,Battlefield: Bad Company 2,Adventure
842,Battlefield: Bad Company 2,Shooter
842,Battlefield: Bad Company 2,Simulator
842,Battlefield: Bad Company 2,Strategy
843,The Walking Dead: A New Frontier,Adventure
843,The Walking Dead: A New Frontier,Point-and-Click
844,Ninja Gaiden Black,Adventure
844,Ninja Gaiden Black,Brawler
845,Sid Meier's Civilization V,Simulator
845,Sid Meier's Civilization V,Strategy
845,Sid Meier's Civilization V,Turn Based Strategy
846,World of Horror,Adventure
846,World of Horror,Indie
846,World of Horror,Point-and-Click
846,World of Horror,RPG
846,World of Horror,Turn Based Strategy
847,Fire Emblem: Shadow Dragon,RPG
847,Fire Emblem: Shadow Dragon,Strategy
847,Fire Emblem: Shadow Dragon,Tactical
847,Fire Emblem: Shadow Dragon,Turn Based Strategy
848,Tomodachi Life,Adventure
848,Tomodachi Life,Simulator
849,Downwell,Adventure
849,Downwell,Arcade
849,Downwell,Indie
849,Downwell,Platform
849,Downwell,Shooter
850,SpongeBob SquarePants: Battle For Bikini Bottom,Adventure
850,SpongeBob SquarePants: Battle For Bikini Bottom,Platform
851,LEGO Harry Potter: Years 1-4,Adventure
851,LEGO Harry Potter: Years 1-4,Platform
851,LEGO Harry Potter: Years 1-4,Puzzle
852,Dragon Quest V: Hand of the Heavenly Bride,RPG
853,Fear & Hunger,Indie
853,Fear & Hunger,RPG
854,For Honor,Brawler
854,For Honor,Fighting
855,Sonic Lost World,Adventure
855,Sonic Lost World,Platform
856,Bug Fables: The Everlasting Sapling,Adventure
856,Bug Fables: The Everlasting Sapling,Indie
856,Bug Fables: The Everlasting Sapling,RPG
856,Bug Fables: The Everlasting Sapling,Turn Based Strategy
857,Hyrule Warriors: Age of Calamity,Adventure
857,Hyrule Warriors: Age of Calamity,Brawler
857,Hyrule Warriors: Age of Calamity,Fighting
858,LEGO Batman 3: Beyond Gotham,Adventure
858,LEGO Batman 3: Beyond Gotham,Platform
858,LEGO Batman 3: Beyond Gotham,Puzzle
859,Moonscars,Adventure
859,Moonscars,Brawler
859,Moonscars,Indie
859,Moonscars,Platform
860,The Witcher 3: Wild Hunt - Hearts of Stone,Adventure
860,The Witcher 3: Wild Hunt - Hearts of Stone,RPG
861,Remnant: From the Ashes,Adventure
861,Remnant: From the Ashes,RPG
861,Remnant: From the Ashes,Shooter
862,Halo 5: Guardians,Shooter
863,Hearthstone,Card & Board Game
863,Hearthstone,Strategy
863,Hearthstone,Turn Based Strategy
864,Ultimate Spider-Man,Brawler
865,Chop Goblins,Indie
865,Chop Goblins,Shooter
866,Secret of Mana,RPG
867,428: Shibuya Scramble,Adventure
867,428: Shibuya Scramble,Visual Novel
868,Potion Craft,Indie
868,Potion Craft,Point-and-Click
868,Potion Craft,Puzzle
868,Potion Craft,RPG
868,Potion Craft,Simulator
869,Mega Man Legends,Adventure
869,Mega Man Legends,RPG
869,Mega Man Legends,Shooter
870,Xenoblade Chronicles: Future Connected,RPG
871,Crab Game,Arcade
871,Crab Game,Fighting
871,Crab Game,Indie
871,Crab Game,Racing
871,Crab Game,Strategy
872,NEET Girl Date Night,Visual Novel
873,Dante's Inferno,Adventure
873,Dante's Inferno,Brawler
874,Haunting Ground,Adventure
875,Assassin's Creed Rogue,Adventure
875,Assassin's Creed Rogue,RPG
876,Garten of Banban 2,Adventure
876,Garten of Banban 2,Indie
877,Pokémon Stadium,RPG
877,Pokémon Stadium,Turn Based Strategy
878,Outlast II,Adventure
878,Outlast II,Indie
879,Ni no Kuni II: Revenant Kingdom,Adventure
879,Ni no Kuni II: Revenant Kingdom,RPG
880,Metal Gear,Adventure
880,Metal Gear,Shooter
881,Disney's Aladdin,Adventure
881,Disney's Aladdin,Arcade
881,Disney's Aladdin,Platform
882,Fable II,Adventure
882,Fable II,RPG
883,Celeste: Farewell,Platform
884,Axiom Verge 2,Adventure
884,Axiom Verge 2,Indie
884,Axiom Verge 2,Platform
885,Lightning Returns: Final Fantasy XIII,RPG
886,Yakuza 2,Adventure
886,Yakuza 2,Brawler
886,Yakuza 2,RPG
886,Yakuza 2,Simulator
886,Yakuza 2,Sport
887,F-Zero X,Arcade
887,F-Zero X,Racing
888,Chibi-Robo!,Adventure
888,Chibi-Robo!,Platform
890,RimWorld,Indie
890,RimWorld,Strategy
890,RimWorld,Simulator
891,Professor Layton and the Miracle Mask,Point-and-Click
891,Professor Layton and the Miracle Mask,Puzzle
891,Professor Layton and the Miracle Mask,Visual Novel
892,Mega Man X5,Adventure
892,Mega Man X5,Platform
892,Mega Man X5,Shooter
893,Tokyo Necro,Adventure
893,Tokyo Necro,Visual Novel
894,Disney Dreamlight Valley,Adventure
894,Disney Dreamlight Valley,RPG
894,Disney Dreamlight Valley,Simulator
895,Mega Man 7,Adventure
895,Mega Man 7,Platform
895,Mega Man 7,Shooter
896,Figment,Adventure
896,Figment,Indie
896,Figment,Music
896,Figment,Platform
896,Figment,Puzzle
897,"Flower, Sun, and Rain: Murder and Mystery in Paradise",Adventure
897,"Flower, Sun, and Rain: Murder and Mystery in Paradise",Puzzle
898,Professor Layton vs. Phoenix Wright: Ace Attorney,Adventure
898,Professor Layton vs. Phoenix Wright: Ace Attorney,Puzzle
898,Professor Layton vs. Phoenix Wright: Ace Attorney,Strategy
898,Professor Layton vs. Phoenix Wright: Ace Attorney,Visual Novel
899,Metal Gear Solid: The Twin Snakes,Adventure
900,The Simpsons Game,Platform
901,Mega Man Zero 2,Adventure
901,Mega Man Zero 2,Platform
901,Mega Man Zero 2,Shooter
902,Gears 5,Adventure
902,Gears 5,Shooter
903,Crash of the Titans,Adventure
903,Crash of the Titans,Platform
904,Alan Wake Remastered,Adventure
904,Alan Wake Remastered,Shooter
905,Final Fantasy XV: Royal Edition,Adventure
905,Final Fantasy XV: Royal Edition,Fighting
905,Final Fantasy XV: Royal Edition,RPG
906,The Witcher,Adventure
906,The Witcher,RPG
907,Final Fantasy III,Adventure
907,Final Fantasy III,RPG
908,Snatcher,Adventure
908,Snatcher,Point-and-Click
908,Snatcher,Shooter
908,Snatcher,Visual Novel
909,Hello Charlotte Ep.3: Childhood's End,Adventure
909,Hello Charlotte Ep.3: Childhood's End,Indie
909,Hello Charlotte Ep.3: Childhood's End,RPG
909,Hello Charlotte Ep.3: Childhood's End,Visual Novel
910,Star Wars: Battlefront,Shooter
911,Ikaruga,Arcade
911,Ikaruga,Indie
911,Ikaruga,Puzzle
911,Ikaruga,Shooter
912,Diablo IV,Brawler
912,Diablo IV,RPG
913,Ys: The Oath in Felghana,Adventure
913,Ys: The Oath in Felghana,RPG
914,American McGee's Alice,Adventure
914,American McGee's Alice,Platform
914,American McGee's Alice,Puzzle
915,Call of Duty,Shooter
916,Armored Core 2,Shooter
917,Clash of Clans,Strategy
918,Fate/stay night,Adventure
918,Fate/stay night,Visual Novel
919,Tabletop Simulator,Card & Board Game
919,Tabletop Simulator,Indie
919,Tabletop Simulator,RPG
919,Tabletop Simulator,Simulator
919,Tabletop Simulator,Strategy
920,Duskers,Indie
920,Duskers,Simulator
920,Duskers,Strategy
921,Control: Ultimate Edition,Adventure
921,Control: Ultimate Edition,Shooter
922,Advance Wars,Simulator
922,Advance Wars,Strategy
922,Advance Wars,Tactical
922,Advance Wars,Turn Based Strategy
923,Touhou Koumakyou: The Embodiment of Scarlet Devil,Indie
923,Touhou Koumakyou: The Embodiment of Scarlet Devil,Shooter
924,Weird West,Adventure
924,Weird West,Indie
924,Weird West,RPG
924,Weird West,Simulator
925,Pokémon Mystery Dungeon: Blue Rescue Team,Adventure
925,Pokémon Mystery Dungeon: Blue Rescue Team,RPG
925,Pokémon Mystery Dungeon: Blue Rescue Team,Turn Based Strategy
926,WarioWare Gold,Arcade
927,Dragon Ball: Xenoverse,Fighting
927,Dragon Ball: Xenoverse,RPG
928,Call of Duty: Black Ops 4,Shooter
929,Bloodborne: Game of the Year Edition,RPG
930,Ape Out,Adventure
930,Ape Out,Arcade
930,Ape Out,Fighting
930,Ape Out,Indie
931,WarioWare: Smooth Moves,Puzzle
932,Puyo Puyo Tetris,Puzzle
932,Puyo Puyo Tetris,Strategy
933,Prince of Persia: Warrior Within,Adventure
933,Prince of Persia: Warrior Within,Fighting
933,Prince of Persia: Warrior Within,Platform
934,Kentucky Route Zero: TV Edition,Adventure
934,Kentucky Route Zero: TV Edition,Indie
934,Kentucky Route Zero: TV Edition,Point-and-Click
935,Factorio,Indie
935,Factorio,Simulator
935,Factorio,Strategy
936,Scott Pilgrim vs. the World: The Game - Complete Edition,Adventure
936,Scott Pilgrim vs. the World: The Game - Complete Edition,Brawler
936,Scott Pilgrim vs. the World: The Game - Complete Edition,Fighting
937,Monster Hunter 4 Ultimate,Adventure
937,Monster Hunter 4 Ultimate,RPG
938,Fruit Ninja Classic,Arcade
940,Tom Clancy's The Division,Adventure
940,Tom Clancy's The Division,RPG
940,Tom Clancy's The Division,Shooter
940,Tom Clancy's The Division,Strategy
940,Tom Clancy's The Division,Tactical
941,Crysis 2,Adventure
941,Crysis 2,Shooter
942,Resident Evil 4: Wii Edition,Adventure
942,Resident Evil 4: Wii Edition,Shooter
943,Nuclear Throne,Adventure
943,Nuclear Throne,Arcade
943,Nuclear Throne,Indie
943,Nuclear Throne,RPG
943,Nuclear Throne,Shooter
944,Super Hexagon,Arcade
944,Super Hexagon,Indie
944,Super Hexagon,Music
945,Condemned: Criminal Origins,Adventure
945,Condemned: Criminal Origins,Shooter
946,PlayStation All-Stars Battle Royale,Fighting
946,PlayStation All-Stars Battle Royale,Platform
947,Dragon Quest,Adventure
947,Dragon Quest,RPG
948,Pac-Man in a Tin,Arcade
949,Mount & Blade: Warband,Adventure
949,Mount & Blade: Warband,RPG
949,Mount & Blade: Warband,Shooter
949,Mount & Blade: Warband,Simulator
949,Mount & Blade: Warband,Strategy
950,Monster Hunter Generations Ultimate,Brawler
950,Monster Hunter Generations Ultimate,RPG
951,The Jackbox Party Pack 3,Indie
951,The Jackbox Party Pack 3,Puzzle
951,The Jackbox Party Pack 3,Quiz/Trivia
951,The Jackbox Party Pack 3,Strategy
952,Digimon World: Next Order,Adventure
952,Digimon World: Next Order,RPG
952,Digimon World: Next Order,Simulator
953,Odin Sphere: Leifthrasir,RPG
954,Bulletstorm,Shooter
955,The Witcher 2: Assassins of Kings,Adventure
955,The Witcher 2: Assassins of Kings,RPG
956,Pokémon Añil,RPG
957,Animal Crossing: City Folk,Simulator
958,Microsoft Minesweeper,Puzzle
959,Sonic 3D Blast,Platform
960,Mario Party 4,Card & Board Game
961,Mario Party 3,Card & Board Game
962,Peggle,Puzzle
963,Plague Inc: Evolved,Indie
963,Plague Inc: Evolved,Simulator
963,Plague Inc: Evolved,Strategy
963,Plague Inc: Evolved,Tactical
964,Star Wars: Episode III - Revenge of the Sith,Adventure
964,Star Wars: Episode III - Revenge of the Sith,Brawler
965,Prince of Persia,Adventure
965,Prince of Persia,Platform
965,Prince of Persia,Puzzle
966,System Shock,RPG
966,System Shock,Shooter
967,Sonic Rush Adventure,Platform
968,Destroy All Humans!,Adventure
969,Marvel vs. Capcom: Clash of Super Heroes,Fighting
970,The World Ends with You: Final Remix,Adventure
970,The World Ends with You: Final Remix,RPG
971,Ristar,Adventure
971,Ristar,Platform
972,Crash Team Racing Nitro-Fueled,Arcade
972,Crash Team Racing Nitro-Fueled,Racing
973,Mega Man X6,Adventure
973,Mega Man X6,Platform
974,Slender: The Eight Pages,Adventure
974,Slender: The Eight Pages,Indie
975,Mark of the Ninja,Adventure
975,Mark of the Ninja,Indie
975,Mark of the Ninja,Platform
976,Octodad: Dadliest Catch,Adventure
976,Octodad: Dadliest Catch,Indie
976,Octodad: Dadliest Catch,Platform
976,Octodad: Dadliest Catch,Simulator
976,Octodad: Dadliest Catch,Strategy
977,Dragon Ball Z: Budokai Tenkaichi,Fighting
978,The King of Fighters XV,Fighting
979,Killing Floor 2,Shooter
980,Ape Escape 3,Platform
981,The Simpsons Arcade Game,Arcade
981,The Simpsons Arcade Game,Brawler
982,Toy Story 2: Buzz Lightyear to the Rescue!,Adventure
982,Toy Story 2: Buzz Lightyear to the Rescue!,Platform
983,Rayman Raving Rabbids,Adventure
983,Rayman Raving Rabbids,Platform
983,Rayman Raving Rabbids,Puzzle
984,Prototype 2,Adventure
984,Prototype 2,Brawler
984,Prototype 2,Platform
985,MadWorld,Brawler
986,Call of Duty 3,Shooter
987,Shadow Warrior,Adventure
987,Shadow Warrior,Shooter
988,Warcraft III: The Frozen Throne,Strategy
989,Yakuza 4,Adventure
989,Yakuza 4,Brawler
989,Yakuza 4,RPG
989,Yakuza 4,Simulator
989,Yakuza 4,Sport
990,Megami Ibunroku Persona,RPG
991,Persona 4 Arena,Adventure
991,Persona 4 Arena,Fighting
991,Persona 4 Arena,RPG
992,Scribblenauts,Puzzle
993,Rock Band 2,Music
994,Armored Core 4,Fighting
995,Rez Infinite,Music
995,Rez Infinite,Shooter
996,Plants vs. Zombies 2: It's About Time,Adventure
996,Plants vs. Zombies 2: It's About Time,Strategy
996,Plants vs. Zombies 2: It's About Time,Tactical
997,Cadence of Hyrule: Crypt of the NecroDancer Featuring the Legend of Zelda,Adventure
997,Cadence of Hyrule: Crypt of the NecroDancer Featuring the Legend of Zelda,Music
998,100% Orange Juice,Card & Board Game
998,100% Orange Juice,Indie
998,100% Orange Juice,Strategy
998,100% Orange Juice,Turn Based Strategy
999,Tekken 6,Fighting
1000,Mortal Kombat 3,Fighting
1001,Pokémon Mystery Dungeon: Explorers of Time,Adventure
1001,Pokémon Mystery Dungeon: Explorers of Time,RPG
1001,Pokémon Mystery Dungeon: Explorers of Time,Turn Based Strategy
1002,Chulip,Adventure
1002,Chulip,Puzzle
1003,Crash Nitro Kart,Racing
1004,Bubble Bobble,Arcade
1004,Bubble Bobble,Platform
1004,Bubble Bobble,Puzzle
1004,Bubble Bobble,Strategy
1005,Shantae: Half-Genie Hero,Adventure
1005,Shantae: Half-Genie Hero,Indie
1005,Shantae: Half-Genie Hero,Platform
1006,Snake,Arcade
1007,Tales of Vesperia,RPG
1008,Mega Man X8,Adventure
1008,Mega Man X8,Platform
1009,Fire Emblem: New Mystery of the Emblem,RPG
1009,Fire Emblem: New Mystery of the Emblem,Strategy
1009,Fire Emblem: New Mystery of the Emblem,Turn Based Strategy
1010,Mario & Luigi: Superstar Saga + Bowser's Minions,Adventure
1010,Mario & Luigi: Superstar Saga + Bowser's Minions,Platform
1010,Mario & Luigi: Superstar Saga + Bowser's Minions,RPG
1011,Suikoden,RPG
1012,Binary Domain,Shooter
1013,Shin Megami Tensei: Devil Survivor,RPG
1013,Shin Megami Tensei: Devil Survivor,Strategy
1013,Shin Megami Tensei: Devil Survivor,Tactical
1013,Shin Megami Tensei: Devil Survivor,Visual Novel
1014,JoJo's Bizarre Adventure: Eyes of Heaven,Arcade
1014,JoJo's Bizarre Adventure: Eyes of Heaven,Fighting
1015,Audiosurf,Indie
1015,Audiosurf,Music
1015,Audiosurf,Puzzle
1016,Better Call Saul Kart,Racing
1017,The Secret of Monkey Island,Adventure
1017,The Secret of Monkey Island,Point-and-Click
1017,The Secret of Monkey Island,Puzzle
1018,Resistance: Fall of Man,Adventure
1018,Resistance: Fall of Man,Shooter
1019,Sniper Elite 4,Adventure
1019,Sniper Elite 4,Shooter
1019,Sniper Elite 4,Tactical
1020,Metal Gear Solid HD Collection,Adventure
1020,Metal Gear Solid HD Collection,Strategy
1020,Metal Gear Solid HD Collection,Tactical
1021,The Simpsons: Road Rage,Racing
1022,Melty Blood Actress Again Current Code,Arcade
1022,Melty Blood Actress Again Current Code,Fighting
1023,Path of Exile,Adventure
1023,Path of Exile,Brawler
1023,Path of Exile,RPG
1024,Machinarium,Adventure
1024,Machinarium,Indie
1024,Machinarium,Point-and-Click
1024,Machinarium,Puzzle
1025,Guacamelee!,Adventure
1025,Guacamelee!,Brawler
1025,Guacamelee!,Indie
1025,Guacamelee!,Platform
1026,Tales of Zestiria,RPG
1027,Black,Shooter
1028,Mario Super Sluggers,Sport
1029,Worms Armageddon,Platform
1029,Worms Armageddon,Shooter
1029,Worms Armageddon,Strategy
1030,Street Fighter II Turbo,Fighting
1031,Tekken 4,Fighting
1032,Legacy of Kain: Soul Reaver,Adventure
1033,Mega Man X7,Adventure
1033,Mega Man X7,Platform
1034,Final Fantasy I & II: Dawn of Souls,RPG
1035,Mega Man ZX,Platform
1035,Mega Man ZX,Shooter
1036,Metal Gear 2: Solid Snake,Adventure
1037,The Missing: J.J. Macfield and the Island of Memories,Adventure
1037,The Missing: J.J. Macfield and the Island of Memories,Indie
1037,The Missing: J.J. Macfield and the Island of Memories,Platform
1037,The Missing: J.J. Macfield and the Island of Memories,Puzzle
1038,Silent Hill 2: Restless Dreams,Adventure
1039,Friday the 13th: The Game,Indie
1040,Quake II,Shooter
1041,NBA Jam,Sport
1042,Final Fantasy X HD Remaster,Adventure
1042,Final Fantasy X HD Remaster,RPG
1043,Mario vs. Donkey Kong,Platform
1043,Mario vs. Donkey Kong,Puzzle
1044,Kenshi,Indie
1044,Kenshi,RPG
1044,Kenshi,Simulator
1044,Kenshi,Strategy
1045,Remember Me,Adventure
1045,Remember Me,Platform
1046,Alpha Protocol,RPG
1046,Alpha Protocol,Shooter
1047,Indivisible,Adventure
1047,Indivisible,Indie
1047,Indivisible,Platform
1047,Indivisible,RPG
1048,Jazzpunk,Adventure
1048,Jazzpunk,Indie
1049,Need for Speed: Hot Pursuit,Racing
1050,The House in Fata Morgana: A Requiem for Innocence,Adventure
1050,The House in Fata Morgana: A Requiem for Innocence,Visual Novel
1051,Phantom Brigade,Indie
1051,Phantom Brigade,RPG
1051,Phantom Brigade,Strategy
1051,Phantom Brigade,Tactical
1051,Phantom Brigade,Turn Based Strategy
1052,Altered Beast,Brawler
1052,Altered Beast,Platform
1053,Broken Age,Adventure
1053,Broken Age,Indie
1053,Broken Age,Point-and-Click
1053,Broken Age,Puzzle
1054,Telling Lies,Indie
1054,Telling Lies,Point-and-Click
1054,Telling Lies,Simulator
1055,Saints Row: Gat Out of Hell,Adventure
1055,Saints Row: Gat Out of Hell,Shooter
1056,Ratchet & Clank: Size Matters,Adventure
1056,Ratchet & Clank: Size Matters,Platform
1056,Ratchet & Clank: Size Matters,Shooter
1057,Mario Hoops 3-on-3,Sport
1058,Mario Power Tennis,Sport
1059,Keep Talking and Nobody Explodes,Card & Board Game
1059,Keep Talking and Nobody Explodes,Indie
1059,Keep Talking and Nobody Explodes,Puzzle
1059,Keep Talking and Nobody Explodes,Simulator
1060,The Swapper,Adventure
1060,The Swapper,Indie
1060,The Swapper,Platform
1060,The Swapper,Puzzle
1060,The Swapper,Strategy
1061,Ms. Pac-Man,Arcade
1062,Gun,Adventure
1063,Naruto: Ultimate Ninja 3,Fighting
1064,The Ultimate Doom,Shooter
1065,Superman: The New Superman Adventures,Adventure
1065,Superman: The New Superman Adventures,Shooter
1066,Ruiner,Adventure
1066,Ruiner,Indie
1066,Ruiner,Shooter
1066,Ruiner,Strategy
1067,The Lord of the Rings: The Two Towers,Adventure
1067,The Lord of the Rings: The Two Towers,Brawler
1068,Dragon Quest II: Luminaries of the Legendary Line,RPG
1069,Chivalry: Medieval Warfare,Brawler
1069,Chivalry: Medieval Warfare,Fighting
1069,Chivalry: Medieval Warfare,Indie
1070,FIFA 14,Sport
1071,Bit.Trip Runner,Arcade
1071,Bit.Trip Runner,Indie
1071,Bit.Trip Runner,Music
1071,Bit.Trip Runner,Platform
1072,Pokémon Pinball: Ruby & Sapphire,Adventure
1072,Pokémon Pinball: Ruby & Sapphire,Arcade
1072,Pokémon Pinball: Ruby & Sapphire,Pinball
1073,FIFA 13,Simulator
1073,FIFA 13,Sport
1074,La-Mulana,Adventure
1074,La-Mulana,Indie
1074,La-Mulana,Platform
1074,La-Mulana,Puzzle
1075,The Warriors,Brawler
1075,The Warriors,Fighting
1076,Mortal Kombat XL,Fighting
1077,Anonymous;Code,Adventure
1077,Anonymous;Code,Visual Novel
1078,Higurashi no Naku Koro ni: Chapter 2 - Watanagashi,Adventure
1078,Higurashi no Naku Koro ni: Chapter 2 - Watanagashi,Visual Novel
1079,Aokana: Four Rhythms Across the Blue,Adventure
1079,Aokana: Four Rhythms Across the Blue,Visual Novel
1080,Shantae and the Seven Sirens,Adventure
1080,Shantae and the Seven Sirens,Platform
1081,Mega Man ZX Advent,Adventure
1081,Mega Man ZX Advent,Platform
1081,Mega Man ZX Advent,Shooter
1082,Peggle Deluxe,Puzzle
1083,Slither.io,Arcade
1083,Slither.io,Simulator
1084,Twisted Metal,Fighting
1084,Twisted Metal,Racing
1084,Twisted Metal,Shooter
1085,Dragon Age: Origins - Awakening,RPG
1085,Dragon Age: Origins - Awakening,Strategy
1086,Parasite Eve II,RPG
1087,The Jackbox Party Pack,Indie
1087,The Jackbox Party Pack,Puzzle
1087,The Jackbox Party Pack,Quiz/Trivia
1087,The Jackbox Party Pack,Strategy
1088,Tom Clancy's Splinter Cell: Pandora Tomorrow,Shooter
1088,Tom Clancy's Splinter Cell: Pandora Tomorrow,Tactical
1089,Payday: The Heist,Shooter
1090,Pokémon Rumble Blast,Adventure
1090,Pokémon Rumble Blast,Brawler
1090,Pokémon Rumble Blast,Fighting
1090,Pokémon Rumble Blast,RPG
1091,Nicktoons Unite!,Adventure
1092,Ruined King: A League of Legends Story,Adventure
1092,Ruined King: A League of Legends Story,Indie
1092,Ruined King: A League of Legends Story,RPG
1092,Ruined King: A League of Legends Story,Turn Based Strategy
1093,Picross S3,Puzzle
1093,Picross S3,Strategy
1094,Lisa the Joyful,Adventure
1094,Lisa the Joyful,Indie
1094,Lisa the Joyful,RPG
1094,Lisa the Joyful,Turn Based Strategy
1095,The King of Fighters '98,Fighting
1096,Kingdoms of Amalur: Reckoning,Brawler
1096,Kingdoms of Amalur: Reckoning,RPG
1097,Grand Theft Auto,Adventure
1097,Grand Theft Auto,Racing
1097,Grand Theft Auto,Shooter
1098,Europa Universalis IV,Strategy
1098,Europa Universalis IV,Simulator
1099,Sonic the Hedgehog 2,Arcade
1100,Guitar Hero 5,Music
1101,Silent Hill: Homecoming,Adventure
1101,Silent Hill: Homecoming,Fighting
1102,Mighty No. 9,Adventure
1102,Mighty No. 9,Arcade
1102,Mighty No. 9,Platform
1102,Mighty No. 9,Shooter
1103,Dragon Ball GT: Final Bout,Fighting
1104,Killzone 3,Shooter
1105,WWE SmackDown vs. Raw 2008,Fighting
1105,WWE SmackDown vs. Raw 2008,Sport
1106,Children of Morta,Adventure
1106,Children of Morta,Indie
1106,Children of Morta,RPG
1107,The Godfather,Adventure
1107,The Godfather,Racing
1107,The Godfather,Shooter
1108,Billy Hatcher and the Giant Egg,Platform
1109,Tekken Tag Tournament 2,Fighting
1110,Bloons TD 5,Simulator
1110,Bloons TD 5,Strategy
1110,Bloons TD 5,Tactical
1111,JoJo's Bizarre Adventure,Fighting
1112,Another World,Adventure
1112,Another World,Platform
1112,Another World,Puzzle
1113,Back to the Future: The Game,Adventure
1113,Back to the Future: The Game,Point-and-Click
1114,Team Sonic Racing,Arcade
1114,Team Sonic Racing,Racing
1115,Dragon's Dogma,Brawler
1115,Dragon's Dogma,RPG
1116,Baldur's Gate 3,Adventure
1116,Baldur's Gate 3,RPG
1116,Baldur's Gate 3,Strategy
1116,Baldur's Gate 3,Tactical
1116,Baldur's Gate 3,Turn Based Strategy
1117,The LEGO Movie Videogame,Adventure
1117,The LEGO Movie Videogame,Puzzle
