,Title,Team
0,Elden Ring,Bandai Namco Entertainment
0,Elden Ring,FromSoftware
1,Hades,Supergiant Games
2,The Legend of Zelda: Breath of the Wild,Nintendo
2,The Legend of Zelda: Breath of the Wild,Nintendo EPD Production Group No. 3
3,Undertale,tobyfox
3,Undertale,8-4
4,Hollow Knight,Team Cherry
5,Minecraft,Mojang Studios
6,Omori,OMOCAT
6,Omori,PLAYISM
7,Metroid Dread,Nintendo
7,Metroid Dread,MercurySteam
8,Among Us,InnerSloth
9,NieR: Automata,PlatinumGames
9,NieR: Automata,Square Enix
10,Persona 5 Royal,Atlus USA
10,Persona 5 Royal,Atlus
11,Stray,BlueTwelve Studio
11,Stray,Annapurna Interactive
12,God of War,Sony Interactive Entertainment
12,God of War,SIE Santa Monica Studio
13,Portal 2,Valve
13,Portal 2,Electronic Arts
14,Bloodborne,FromSoftware
14,Bloodborne,Sony Computer Entertainment
15,Celeste,Extremely OK Games
15,Celeste,Maddy Makes Games
16,Yakuza 0,Ryū Ga Gotoku Studios
16,Yakuza 0,Sega
17,Red Dead Redemption 2,Take-Two Interactive
17,Red Dead Redemption 2,Rockstar Games
18,Portal,Valve
18,Portal,Electronic Arts
19,Super Mario Odyssey,Nintendo
20,Pokémon Legends: Arceus,Nintendo
20,Pokémon Legends: Arceus,Game Freak
21,Hi-Fi Rush,Tango Gameworks
21,Hi-Fi Rush,Bethesda Softworks
22,Metal Gear Rising: Revengeance,Konami
22,Metal Gear Rising: Revengeance,PlatinumGames
23,Grand Theft Auto V,Rockstar North
23,Grand Theft Auto V,Rockstar Games
24,Cyberpunk 2077,CD Projekt RED
25,God of War Ragnarök,Sony Interactive Entertainment
25,God of War Ragnarök,SIE Santa Monica Studio
26,Xenoblade Chronicles 3,Monolith Soft
26,Xenoblade Chronicles 3,Nintendo
27,Kirby and the Forgotten Land,HAL Laboratory
27,Kirby and the Forgotten Land,Nintendo
28,Disco Elysium: The Final Cut,ZA/UM
29,Marvel's Spider-Man,Insomniac Games
29,Marvel's Spider-Man,Sony Interactive Entertainment
30,Dark Souls III,Bandai Namco Entertainment
30,Dark Souls III,FromSoftware
31,NieR Replicant ver.1.22474487139...,Toylogic
31,NieR Replicant ver.1.22474487139...,Square Enix
32,Super Mario 64,Nintendo
32,Super Mario 64,Nintendo EAD
33,Super Smash Bros. Ultimate,Sora
33,Super Smash Bros. Ultimate,Nintendo
34,Cuphead,Studio MDHR
35,Sekiro: Shadows Die Twice,FromSoftware
35,Sekiro: Shadows Die Twice,Activision
36,Final Fantasy VII,Square
36,Final Fantasy VII,Eidos Interactive
37,Persona 4 Golden,NIS America
37,Persona 4 Golden,Atlus
38,Genshin Impact,miHoYo
38,Genshin Impact,HoYoverse
39,Signalis,rose-engine
39,Signalis,Humble Games
40,Resident Evil Village,Capcom
41,Super Mario Galaxy,Nintendo EAD
41,Super Mario Galaxy,Nintendo
42,Fallout: New Vegas,Obsidian Entertainment
42,Fallout: New Vegas,Bandai Namco Entertainment
43,Outer Wilds,Mobius Digital
43,Outer Wilds,Annapurna Interactive
44,Resident Evil 2,Capcom
44,Resident Evil 2,Capcom Development Division 1
45,Doom,id Software
45,Doom,Bethesda Softworks
46,Shin Megami Tensei V,Atlus
46,Shin Megami Tensei V,Sega
47,Bayonetta,Nex Entertainment
47,Bayonetta,Sega
48,Stardew Valley,ConcernedApe
48,Stardew Valley,Chucklefish Games
49,The Last of Us Part II,Naughty Dog
49,The Last of Us Part II,Sony Interactive Entertainment
50,Silent Hill 2,Team Silent
50,Silent Hill 2,Konami
51,The Witcher 3: Wild Hunt,WB Games
51,The Witcher 3: Wild Hunt,CD Projekt RED
52,Persona 5,Atlus
52,Persona 5,Atlus USA
53,Doom Eternal,Bethesda Softworks
53,Doom Eternal,id Software
54,The Elder Scrolls V: Skyrim,Bethesda Game Studios
54,The Elder Scrolls V: Skyrim,Bethesda Softworks
55,Neon White,Ben Esposito
55,Neon White,Annapurna Interactive
56,Devil May Cry 5,Capcom
56,Devil May Cry 5,Capcom Development Division 1
57,Overwatch 2,Blizzard Entertainment
58,Resident Evil 4,Capcom
58,Resident Evil 4,Capcom Production Studio 4
59,Final Fantasy VII Remake,Square Enix
60,Sonic Frontiers,Sega
60,Sonic Frontiers,Sonic Team
61,Inscryption,Devolver Digital
61,Inscryption,Daniel Mullins Games
62,Tunic,Andrew Shouldice
62,Tunic,Finji
63,Dark Souls,FromSoftware
63,Dark Souls,Bandai Namco Entertainment
64,The Legend of Zelda: Ocarina of Time,Nintendo
64,The Legend of Zelda: Ocarina of Time,Nintendo EAD
65,Deltarune: Chapter 2,8-4
65,Deltarune: Chapter 2,tobyfox
66,Chrono Trigger,Square
67,Metal Gear Solid 2: Sons of Liberty,Konami Computer Entertainment Japan
67,Metal Gear Solid 2: Sons of Liberty,Konami
68,Super Mario World,Nintendo
68,Super Mario World,Nintendo EAD
69,Death Stranding,Sony Interactive Entertainment
69,Death Stranding,Kojima Productions
70,Marvel's Spider-Man: Miles Morales,Insomniac Games
70,Marvel's Spider-Man: Miles Morales,Sony Interactive Entertainment
71,Dark Souls: Remastered,Bandai Namco Entertainment
71,Dark Souls: Remastered,QLOC
72,EarthBound,Nintendo
72,EarthBound,Creatures Inc.
73,Castlevania: Symphony of the Night,Konami
73,Castlevania: Symphony of the Night,Konami Computer Entertainment Tokyo
74,Super Metroid,Nintendo R&D1
74,Super Metroid,Nintendo
75,Super Mario Bros.,Nintendo
75,Super Mario Bros.,Nintendo R&D4
76,The Legend of Zelda: Majora's Mask,Nintendo
76,The Legend of Zelda: Majora's Mask,Nintendo EAD
77,Star Wars Jedi: Fallen Order,Respawn Entertainment
77,Star Wars Jedi: Fallen Order,Electronic Arts
78,The Last of Us,Naughty Dog
78,The Last of Us,Sony Computer Entertainment
79,Terraria,Re-Logic
79,Terraria,Headup Games
80,Resident Evil 7: Biohazard,Capcom
81,Metal Gear Solid V: The Phantom Pain,Konami
81,Metal Gear Solid V: The Phantom Pain,Kojima Productions
82,Overwatch,Blizzard Entertainment
82,Overwatch,Square Enix
83,Half-Life 2,Sierra Entertainment
83,Half-Life 2,Valve
84,Fire Emblem: Three Houses,"Intelligent Systems Co., Ltd."
84,Fire Emblem: Three Houses,Nintendo
85,Grand Theft Auto: San Andreas,Rockstar Games
85,Grand Theft Auto: San Andreas,Rockstar North
86,13 Sentinels: Aegis Rim,Vanillaware
86,13 Sentinels: Aegis Rim,Atlus USA
87,Persona 3 FES,Atlus
87,Persona 3 FES,Atlus USA
88,Devil May Cry,Capcom Production Studio 4
88,Devil May Cry,Capcom
89,Mario Kart 8 Deluxe,Nintendo of America
89,Mario Kart 8 Deluxe,Nintendo EPD
90,Fire Emblem Engage,Nintendo
90,Fire Emblem Engage,Intelligent Systems
91,Pokémon Violet,Game Freak
91,Pokémon Violet,Nintendo
92,Hotline Miami,Dennaton Games
92,Hotline Miami,Devolver Digital
93,Pizza Tower,Tour De Pizza
94,Psychonauts 2,Xbox Game Studios
94,Psychonauts 2,Double Fine Productions
95,Metroid Prime Remastered,Nintendo
95,Metroid Prime Remastered,Retro Studios
96,Halo Infinite,Xbox Game Studios
96,Halo Infinite,343 Industries
97,Batman: Arkham Asylum,Eidos Interactive
97,Batman: Arkham Asylum,Rocksteady Studios
98,Super Mario Sunshine,Nintendo EAD
98,Super Mario Sunshine,Nintendo
99,Mother 3,HAL Laboratory
99,Mother 3,Nintendo
100,MultiVersus,Player First Games
100,MultiVersus,WB Games
101,Xenoblade Chronicles: Definitive Edition,Monolith Soft
101,Xenoblade Chronicles: Definitive Edition,Nintendo
102,Half-Life,Sierra Entertainment
102,Half-Life,Valve
103,Marvel's Guardians of the Galaxy,Square Enix
103,Marvel's Guardians of the Galaxy,Eidos Montréal
104,Danganronpa: Trigger Happy Havoc,NIS America
104,Danganronpa: Trigger Happy Havoc,Spike ChunSoft
105,Cult of the Lamb,Devolver Digital
105,Cult of the Lamb,Massive Monster
106,Sonic Mania,PagodaWest Games
106,Sonic Mania,Sega
107,Horizon Zero Dawn,Guerrilla Games
107,Horizon Zero Dawn,Sony Interactive Entertainment
108,Left 4 Dead 2,Turtle Rock Studios
108,Left 4 Dead 2,Valve
109,League of Legends,GOA Games Services Ltd.
109,League of Legends,Riot Games
110,Control,505 Games
110,Control,Remedy Entertainment
111,Doki Doki Literature Club!,Team Salvato
112,Batman: Arkham City,DC Entertainment
112,Batman: Arkham City,Rocksteady Studios
113,Yakuza Kiwami,Sega
113,Yakuza Kiwami,Ryū Ga Gotoku Studios
114,Phoenix Wright: Ace Attorney,Nintendo Australia
114,Phoenix Wright: Ace Attorney,Capcom
115,Team Fortress 2,Electronic Arts
115,Team Fortress 2,Valve
116,Xenoblade Chronicles 2,Monolith Soft
116,Xenoblade Chronicles 2,Nintendo
117,Splatoon 3,Nintendo
118,Chrome Dino,Google
119,Katana Zero,Askiisoft
119,Katana Zero,Devolver Digital
120,Life is Strange,DON'T NOD
120,Life is Strange,Square Enix
121,Dark Souls II: Scholar of the First Sin,Bandai Namco Entertainment
121,Dark Souls II: Scholar of the First Sin,FromSoftware
122,Deathloop,Bethesda Softworks
122,Deathloop,Arkane Studios
123,Shadow of the Colossus,"Sony Computer Entertainment, Inc. (SCEI)"
123,Shadow of the Colossus,Team Ico
124,Teenage Mutant Ninja Turtles: Shredder's Revenge,DotEmu
124,Teenage Mutant Ninja Turtles: Shredder's Revenge,Tribute Games
125,Sifu,Sloclap
125,Sifu,Kepler Interactive
126,Super Mario Bros. 3,Nintendo R&D4
126,Super Mario Bros. 3,Nintendo
127,Dishonored,Arkane Studios
127,Dishonored,Bethesda Softworks
128,Metal Gear Solid 3: Snake Eater,Konami Computer Entertainment Japan
128,Metal Gear Solid 3: Snake Eater,Konami
129,Journey,Sony Computer Entertainment
129,Journey,ThatGameCompany
130,Kingdom Hearts,Square
130,Kingdom Hearts,Disney Interactive Studios
131,Titanfall 2,Respawn Entertainment
131,Titanfall 2,Electronic Arts
132,Doom,Activision
133,Live A Live,Square Enix
134,The Last of Us Remastered,Naughty Dog
134,The Last of Us Remastered,Sony Computer Entertainment
135,Sonic the Hedgehog,Sonic Team
135,Sonic the Hedgehog,Sega
136,Rocket League,Psyonix
137,Batman: Arkham Knight,Rocksteady Studios
137,Batman: Arkham Knight,Warner Bros. Interactive Entertainment
138,Bayonetta 3,PlatinumGames
138,Bayonetta 3,Nintendo
139,Disco Elysium,ZA/UM
140,Guilty Gear: Strive,Bandai Namco Studios
140,Guilty Gear: Strive,Arc System Works
141,Wii Sports,Nintendo
141,Wii Sports,Nintendo EAD Group No. 2
142,Hogwarts Legacy,Portkey Games
142,Hogwarts Legacy,Avalanche Software
143,Mario Kart Wii,Nintendo
143,Mario Kart Wii,Nintendo EAD
144,Resident Evil 3,K2
144,Resident Evil 3,Capcom
145,Unpacking,Witch Beam
145,Unpacking,Humble Games
146,Red Dead Redemption,Rockstar Games
146,Red Dead Redemption,Rockstar North
147,Tales of Arise,Bandai Namco Entertainment
147,Tales of Arise,Bandai Namco Studios
148,Deltarune: Chapter 1,8-4
148,Deltarune: Chapter 1,tobyfox
149,Dead Space,Motive Studios
149,Dead Space,Electronic Arts
150,Tomb Raider,Square Enix
150,Tomb Raider,Crystal Dynamics
151,Super Mario Galaxy 2,Nintendo EAD
151,Super Mario Galaxy 2,Nintendo
152,Donkey Kong Country,Rare
153,What Remains of Edith Finch,Annapurna Interactive
153,What Remains of Edith Finch,Giant Sparrow
154,Monster Hunter Rise,Capcom
154,Monster Hunter Rise,Capcom Development Division 2
155,Pokémon Emerald,Nintendo
155,Pokémon Emerald,Game Freak
156,NEO: The World Ends with You,Square Enix
157,Assassin's Creed II,Ubisoft Montreal
157,Assassin's Creed II,Ubisoft Entertainment
158,Pokémon Scarlet,Nintendo
158,Pokémon Scarlet,Game Freak
159,Dead Space,EA Redwood Shores
160,New Super Mario Bros.,Nintendo
161,Shadow of the Colossus,Sony Interactive Entertainment
161,Shadow of the Colossus,Bluepoint Games
162,Horizon Forbidden West,Guerrilla Games
162,Horizon Forbidden West,Sony Interactive Entertainment
163,God of War,SCE Santa Monica Studio
163,God of War,Sony Computer Entertainment
164,Detroit: Become Human,Quantic Dream
164,Detroit: Become Human,Sony Interactive Entertainment
165,Final Fantasy XV,Square Enix
166,Persona 5 Strikers,Omega Force
166,Persona 5 Strikers,Sega
167,Limbo,Microsoft Game Studios
167,Limbo,Playdead
168,Pokémon Platinum,Nintendo
168,Pokémon Platinum,Game Freak
169,Stranger of Paradise: Final Fantasy Origin,Team NINJA
169,Stranger of Paradise: Final Fantasy Origin,Square Enix
170,Killer7,Capcom
170,Killer7,Grasshopper Manufacture
171,Grand Theft Auto IV,Rockstar North
171,Grand Theft Auto IV,Rockstar Games
172,Metroid: Zero Mission,Nintendo R&D1
172,Metroid: Zero Mission,Nintendo
173,Final Fantasy X,Square Electronic Arts
173,Final Fantasy X,Square
174,Danganronpa 2: Goodbye Despair,NIS America
174,Danganronpa 2: Goodbye Despair,Spike ChunSoft
175,Final Fantasy IX,Square
175,Final Fantasy IX,Square Electronic Arts
176,Halo 3,Bungie
176,Halo 3,Microsoft Game Studios
177,Metroid Fusion,Nintendo
177,Metroid Fusion,Nintendo R&D1
178,Final Fantasy VI,Square Enix
178,Final Fantasy VI,Square
179,VA-11 Hall-A: Cyberpunk Bartender Action,Ysbryd Games
179,VA-11 Hall-A: Cyberpunk Bartender Action,SUKEBAN
180,Dead Cells,Motion Twin
181,Far Cry 3,Ubisoft Entertainment
181,Far Cry 3,Ubisoft Montreal
182,The Stanley Parable: Ultra Deluxe,Crows Crows Crows
183,SuperHot,IMGN.PRO
183,SuperHot,SUPERHOT Team
184,Plants vs. Zombies,PopCap Games
185,Ori and the Blind Forest,Moon Studios
185,Ori and the Blind Forest,Microsoft Studios
186,Demon's Souls,Bluepoint Games
186,Demon's Souls,Sony Interactive Entertainment
187,A Plague Tale: Innocence,Focus Entertainment
187,A Plague Tale: Innocence,Asobo Studio
188,The Legend of Zelda: Link's Awakening,Nintendo
188,The Legend of Zelda: Link's Awakening,Grezzo
189,Assassin's Creed,Ubisoft Montreal
189,Assassin's Creed,Ubisoft Entertainment
190,Judgment,Sega Games
190,Judgment,Ryu ga Gotoku Studios
191,Call of Duty: Black Ops,Activision
191,Call of Duty: Black Ops,Treyarch
192,Ratchet & Clank: Rift Apart,Sony Interactive Entertainment
192,Ratchet & Clank: Rift Apart,Insomniac Games
193,Pokémon Black,Nintendo
193,Pokémon Black,Game Freak
194,The Stanley Parable,Galactic Cafe
195,The Legend of Zelda,Nintendo EAD
195,The Legend of Zelda,Nintendo
196,AI: The Somnium Files - Nirvana Initiative,Spike ChunSoft
197,Ghost Trick: Phantom Detective,Capcom
198,Dragon Quest XI S: Echoes of an Elusive Age - Definitive Edition,Square Enix
199,Paper Mario: The Thousand-Year Door,Nintendo
199,Paper Mario: The Thousand-Year Door,"Intelligent Systems Co., Ltd."
200,God of War II,"Sony Computer Entertainment, Inc. (SCEI)"
200,God of War II,SIE Santa Monica Studio
201,Mass Effect 2,BioWare
201,Mass Effect 2,Electronic Arts
202,Forza Horizon 5,Playground Games
202,Forza Horizon 5,Xbox Game Studios
203,Metal Gear Solid V: Ground Zeroes,Konami
203,Metal Gear Solid V: Ground Zeroes,Kojima Productions
204,No More Heroes III,Grasshopper Manufacture
205,Banjo-Kazooie,Microsoft Game Studios
205,Banjo-Kazooie,Rare
206,Astro's Playroom,SIE Japan Studio
206,Astro's Playroom,Sony Interactive Entertainment
207,Call of Duty: Black Ops II,Treyarch
207,Call of Duty: Black Ops II,Activision
208,The Legend of Zelda: Skyward Sword HD,Nintendo
208,The Legend of Zelda: Skyward Sword HD,Nintendo EAD Software Development Group No.3
209,Mega Man X,Rozner Labs Software Group
209,Mega Man X,Nintendo
210,Subnautica,Gearbox Publishing
210,Subnautica,Unknown Worlds Entertainment
211,Returnal,Housemarque
211,Returnal,Sony Interactive Entertainment
212,New Super Mario Bros. Wii,Nintendo
212,New Super Mario Bros. Wii,Nintendo EAD
213,Citizen Sleeper,Fellow Traveller
213,Citizen Sleeper,Jump Over The Age
214,Yakuza 3 Remastered,Ryū Ga Gotoku Studios
215,Garry's Mod,Facepunch Studios
215,Garry's Mod,Valve
216,Wolfenstein: The New Order,MachineGames
216,Wolfenstein: The New Order,Bethesda Softworks
217,Deus Ex,Aspyr Media
217,Deus Ex,Ion Storm
218,BioShock 2,2K Marin
218,BioShock 2,2K Games
219,Soul Hackers 2,Sega
219,Soul Hackers 2,Atlus
220,Enter the Gungeon,Dodge Roll
220,Enter the Gungeon,Devolver Digital
221,The House in Fata Morgana,Dramatic Create
221,The House in Fata Morgana,NOVECT
222,Shovel Knight,Yacht Club Games
223,Firewatch,Panic
223,Firewatch,Campo Santo
224,Dark Souls II,FromSoftware
224,Dark Souls II,Bandai Namco Entertainment
225,Blasphemous,The Game Kitchen
225,Blasphemous,Team17
226,Final Fantasy XIV Online,Square Enix
227,Immortality,Half Mermaid
228,Resident Evil 6,Capcom
229,Devil May Cry 3: Dante's Awakening,Capcom
229,Devil May Cry 3: Dante's Awakening,Capcom Production Studio 1
230,The Last of Us Part I,Sony Interactive Entertainment
230,The Last of Us Part I,Naughty Dog
231,Super Meat Boy,BlitWorks
231,Super Meat Boy,Team Meat
232,Mass Effect Legendary Edition,BioWare
232,Mass Effect Legendary Edition,EA
233,Helltaker,Vanripper
234,Pokémon Sword,Game Freak
234,Pokémon Sword,Nintendo
235,Crash Bandicoot N. Sane Trilogy,Activision
235,Crash Bandicoot N. Sane Trilogy,Vicarious Visions
236,Tetris,Nintendo
237,Valorant,Riot Games
238,Super Mario 3D World,Nintendo
239,Uncharted 3: Drake's Deception,Naughty Dog
239,Uncharted 3: Drake's Deception,"Sony Computer Entertainment, Inc. (SCEI)"
240,Phoenix Wright: Ace Attorney - Trials and Tribulations,Capcom
241,Yume Nikki,Kikiyama
241,Yume Nikki,"DeNA Co., Ltd."
242,Max Payne,Gathering of Developers
242,Max Payne,Remedy Entertainment
243,Five Nights at Freddy's,Clickteam
243,Five Nights at Freddy's,Scottgames
244,Donkey Kong Country 2: Diddy's Kong Quest,Nintendo
244,Donkey Kong Country 2: Diddy's Kong Quest,Rare
245,Pokémon White,Nintendo
245,Pokémon White,Game Freak
246,Outlast,Red Barrels
247,Hitman 3,IO Interactive
248,Sable,Raw Fury
248,Sable,Shedworks
249,Super Smash Bros. for Wii U,Sora
249,Super Smash Bros. for Wii U,Nintendo
250,Kirby's Adventure,HAL Laboratory
250,Kirby's Adventure,Nintendo
251,Tekken 7,Bandai Namco Entertainment
251,Tekken 7,Bandai Namco Studios
252,Umineko: When They Cry Chiru,07th Expansion
253,Kingdom Hearts II Final Mix,Buena Vista Games
253,Kingdom Hearts II Final Mix,Square Enix
254,Superliminal,Pillow Castle Games
255,Death Stranding: Director's Cut,Kojima Productions
255,Death Stranding: Director's Cut,505 Games
256,Persona 4,Atlus
256,Persona 4,NIS America
257,Wordle,Josh Wardle
257,Wordle,The New York Times
258,The Sims 4,Electronic Arts
258,The Sims 4,The Sims Studio
259,Far Cry 4,Ubisoft Montreal
260,Sonic Forces,Sega
260,Sonic Forces,Sonic Team
261,To the Moon,Freebird Games
261,To the Moon,X.D. Network Inc.
262,Baba is You,hempuli
263,The Witcher 3: Wild Hunt - Game of the Year Edition,CD Projekt RED
263,The Witcher 3: Wild Hunt - Game of the Year Edition,CD Projekt
264,Super Smash Bros.,Nintendo
264,Super Smash Bros.,HAL Laboratory
265,Super Mario 64 DS,Nintendo EAD
265,Super Mario 64 DS,Nintendo
266,Halo 4,343 Industries
266,Halo 4,Microsoft Studios
267,Middle-earth: Shadow of Mordor,Monolith Productions
267,Middle-earth: Shadow of Mordor,WB Games
268,Mega Man 2,Capcom
269,Phoenix Wright: Ace Attorney Trilogy,Capcom
270,Infamous: Second Son,Sony Computer Entertainment
270,Infamous: Second Son,Sucker Punch Productions
271,Star Wars: Knights of the Old Republic,BioWare
271,Star Wars: Knights of the Old Republic,LucasArts
272,No More Heroes 2: Desperate Struggle,Ubisoft Entertainment
272,No More Heroes 2: Desperate Struggle,Grasshopper Manufacture
273,Kirby Super Star Ultra,Nintendo of Europe
273,Kirby Super Star Ultra,HAL Laboratory
274,"Flower, Sun, and Rain",Grasshopper Manufacture
274,"Flower, Sun, and Rain",Victor Interactive Software
275,Katamari Damacy,Namco
275,Katamari Damacy,NOW Production
276,Shadow the Hedgehog,Sega
276,Shadow the Hedgehog,Sonic Team
277,Ōkami HD,Clover Studio
277,Ōkami HD,Capcom
278,Metroid: Samus Returns,MercurySteam
278,Metroid: Samus Returns,Nintendo
279,Life is Strange: True Colors,Deck Nine
279,Life is Strange: True Colors,Square Enix
280,Pokémon Black Version 2,Game Freak
280,Pokémon Black Version 2,Nintendo
281,Needy Streamer Overload,Nintendo
281,Needy Streamer Overload,WSS playground
282,Borderlands,2K Games
282,Borderlands,Gearbox Software
283,Hollow Knight: Voidheart Edition,Team Cherry
284,Klonoa: Door to Phantomile,Namco
285,Shadow of the Tomb Raider,Eidos Montréal
285,Shadow of the Tomb Raider,Square Enix
286,Mario & Luigi: Bowser's Inside Story,Nintendo
286,Mario & Luigi: Bowser's Inside Story,AlphaDream
287,Ghostrunner,One More Level
287,Ghostrunner,All In! Games
288,Watch Dogs 2,Ubisoft Montreal
288,Watch Dogs 2,Ubisoft Entertainment
289,Mass Effect 3,BioWare Edmonton
289,Mass Effect 3,Electronic Arts
290,Goat Simulator,Coffee Stain Studios
291,The Elder Scrolls V: Skyrim - Special Edition,Bethesda Game Studios
291,The Elder Scrolls V: Skyrim - Special Edition,Bethesda Softworks
292,Far Cry 5,Ubisoft Entertainment
292,Far Cry 5,Ubisoft Montreal
293,Call of Duty: Modern Warfare 3,Sledgehammer Games
293,Call of Duty: Modern Warfare 3,Activision
294,Friday Night Funkin',ninja_muffin99
295,Osu!,"Dean ""ppy"" Herbert"
296,The Legend of Zelda: Twilight Princess,Nintendo
296,The Legend of Zelda: Twilight Princess,Nintendo EAD Software Development Group No.3
297,Bloodborne: The Old Hunters,FromSoftware
297,Bloodborne: The Old Hunters,Sony Computer Entertainment
298,Fire Emblem Warriors: Three Hopes,Nintendo
298,Fire Emblem Warriors: Three Hopes,Omega Force
299,Super Smash Bros. for Nintendo 3DS,Nintendo
299,Super Smash Bros. for Nintendo 3DS,Sora
300,The Legend of Heroes: Trails to Azure,Nihon Falcom
301,Super Mario RPG: Legend of the Seven Stars,Square
301,Super Mario RPG: Legend of the Seven Stars,Nintendo
302,Astral Chain,PlatinumGames
302,Astral Chain,Nintendo
303,DmC: Devil May Cry,Ninja Theory
303,DmC: Devil May Cry,Capcom
304,Dragon Age: Origins,Electronic Arts
304,Dragon Age: Origins,BioWare
305,Vagrant Story,Square
305,Vagrant Story,(Archive) Square Product Development Division 4
306,Amnesia: The Dark Descent,Frictional Games
307,Monster Hunter Rise: Sunbreak,Capcom
308,Super Mario Maker 2,Nintendo EPD
308,Super Mario Maker 2,Nintendo
309,Fire Emblem: The Blazing Blade,"Intelligent Systems Co., Ltd."
309,Fire Emblem: The Blazing Blade,Nintendo
310,LEGO Marvel Super Heroes,WB Games
310,LEGO Marvel Super Heroes,Traveller's Tales
311,Sonic Colors,SEGA of America
311,Sonic Colors,Sonic Team
312,Pokémon Moon,The Pokémon Company
312,Pokémon Moon,Game Freak
313,Zelda II: The Adventure of Link,Nintendo
313,Zelda II: The Adventure of Link,Nintendo EAD
314,Battlefield 4,EA Digital Illusions CE
314,Battlefield 4,Electronic Arts
315,Dragon Ball Z: Budokai Tenkaichi 3,Namco Bandai Games
315,Dragon Ball Z: Budokai Tenkaichi 3,Spike
316,WarioWare: Get It Together!,Intelligent Systems
316,WarioWare: Get It Together!,Nintendo
317,Beyond: Two Souls,Quantic Dream
317,Beyond: Two Souls,Sony Computer Entertainment
318,Digimon Survive,Bandai Namco Entertainment
318,Digimon Survive,Witchcraft Inc.
319,Spiritfarer,Thunder Lotus Games
320,Little Nightmares II,Tarsier Studios
320,Little Nightmares II,Bandai Namco Entertainment
321,The Evil Within 2,Tango Gameworks
321,The Evil Within 2,Bethesda Softworks
322,Bloons TD 6,Ninja Kiwi
323,Sayonara Wild Hearts,Simogo
323,Sayonara Wild Hearts,Annapurna Interactive
324,Metro 2033 Redux,Koch Media
324,Metro 2033 Redux,4A Games
325,Melty Blood: Type Lumina,Delightworks
325,Melty Blood: Type Lumina,French Bread
326,Vampire Survivors,Poncle
327,Psychonauts,Double Fine Productions
327,Psychonauts,Majesco Entertainment
328,Fallout 4,Bethesda Game Studios
328,Fallout 4,Bethesda Softworks
329,Uncharted 4: A Thief's End,Naughty Dog
329,Uncharted 4: A Thief's End,Sony Interactive Entertainment
330,The Legend of Zelda: A Link to the Past,Nintendo EAD
330,The Legend of Zelda: A Link to the Past,St. GIGA
331,Silent Hill,Konami
331,Silent Hill,Team Silent
332,Super Smash Bros. Brawl,Nintendo
332,Super Smash Bros. Brawl,Sora
333,Borderlands 2,Gearbox Software
333,Borderlands 2,2K Games
334,No More Heroes,Grasshopper Manufacture
335,Ghost of Tsushima,Sucker Punch Productions
335,Ghost of Tsushima,Sony Interactive Entertainment
336,Sonic the Hedgehog 3 & Knuckles,Sega Technical Institute
336,Sonic the Hedgehog 3 & Knuckles,Sega
337,Resident Evil 2,Factor 5
338,Full Metal Daemon Muramasa,Nitroplus
338,Full Metal Daemon Muramasa,JAST USA
339,Soma,Frictional Games
340,The Binding of Isaac: Rebirth,"Nicalis, Inc."
341,Luigi's Mansion 3,Nintendo
341,Luigi's Mansion 3,Next Level Games
342,Katamari Damacy Reroll,MONKEYCRAFT Co. Ltd
342,Katamari Damacy Reroll,Bandai Namco Entertainment
343,Mario Kart 7,Nintendo
344,Castle Crashers,The Behemoth
345,Rain World,Videocult
345,Rain World,Adult Swim Games
346,Mario Party Superstars,Nintendo
347,Bully,Rockstar Vancouver
347,Bully,Take-Two Interactive
348,Mario Kart 64,Nintendo
349,Octopath Traveler II,Square Enix
350,Norco,Geography of Robots
350,Norco,Raw Fury
351,Resident Evil,Capcom
351,Resident Evil,Capcom Production Studio 4
352,Assassin's Creed Odyssey,Ubisoft Entertainment
352,Assassin's Creed Odyssey,Ubisoft Québec
353,Transistor,Supergiant Games
354,The Evil Within,Tango Gameworks
354,The Evil Within,Bethesda Softworks
355,Metal: Hellsinger,Level Infinite
355,Metal: Hellsinger,The Outsiders
356,Halo: The Master Chief Collection,343 Industries
356,Halo: The Master Chief Collection,Xbox Game Studios
357,Pokémon Crystal,Game Freak
357,Pokémon Crystal,Nintendo
358,Uncharted: The Lost Legacy,Naughty Dog
358,Uncharted: The Lost Legacy,Sony Interactive Entertainment
359,Resident Evil 3: Nemesis,Capcom
359,Resident Evil 3: Nemesis,Capcom Planning Room 2
360,Sea of Thieves,Rare
360,Sea of Thieves,Xbox Game Studios
361,F.E.A.R.,Monolith Productions
361,F.E.A.R.,Vivendi Universal
362,Mafia: Definitive Edition,2K Games
362,Mafia: Definitive Edition,Hangar 13
363,NieR,Square Enix
363,NieR,Cavia
364,The Walking Dead: Season Two,Telltale Games
364,The Walking Dead: Season Two,Skybound Games
365,Forspoken,Square Enix
365,Forspoken,Luminous Productions
366,Max Payne 2: The Fall of Max Payne,Remedy Entertainment
366,Max Payne 2: The Fall of Max Payne,Rockstar Games
367,Shin Megami Tensei: Devil Summoner - Soul Hackers,Atlus
367,Shin Megami Tensei: Devil Summoner - Soul Hackers,NIS America
368,Dusk,David Szymanski
368,Dusk,New Blood Interactive
369,The Elder Scrolls III: Morrowind,Bethesda Game Studios
369,The Elder Scrolls III: Morrowind,ZeniMax Media
370,Rollerdrome,Roll7
370,Rollerdrome,Private Division
371,Final Fantasy XVI,Square Enix
371,Final Fantasy XVI,Square Enix Creative Business Unit III
372,Pokémon Sun,The Pokémon Company
372,Pokémon Sun,Game Freak
373,Yu-Gi-Oh! Master Duel,Konami
374,Injustice: Gods Among Us,NetherRealm Studios
374,Injustice: Gods Among Us,WB Games
375,Pac-Man,Wiz
375,Pac-Man,"Namco Networks America, Inc."
376,Final Fantasy X/X-2 HD Remaster,Virtuos
376,Final Fantasy X/X-2 HD Remaster,Square Enix
377,Mortal Kombat X,NetherRealm Studios
377,Mortal Kombat X,WB Games
378,Shin Megami Tensei: Digital Devil Saga,Atlus
378,Shin Megami Tensei: Digital Devil Saga,Ghostlight Ltd.
379,Star Wars: The Force Unleashed,THQ Wireless
379,Star Wars: The Force Unleashed,Aspyr Media
380,Shovel Knight: Treasure Trove,Yacht Club Games
380,Shovel Knight: Treasure Trove,Nintendo
381,Ghost of Tsushima: Director's Cut,Sony Interactive Entertainment
381,Ghost of Tsushima: Director's Cut,Sucker Punch Productions
382,Donkey Kong Country Returns,Retro Studios
382,Donkey Kong Country Returns,Nintendo
383,Street Fighter III: 3rd Strike,Capcom
383,Street Fighter III: 3rd Strike,Virgin Interactive Entertainment
384,Return to Monkey Island,Terrible Toybox
384,Return to Monkey Island,Lucasfilm Games
385,Deus Ex: Human Revolution,Square Enix
385,Deus Ex: Human Revolution,Eidos Montréal
386,Spyro Reignited Trilogy,Toys for Bob
386,Spyro Reignited Trilogy,Activision
387,Chicory: A Colorful Tale,Greg Lobanov
387,Chicory: A Colorful Tale,Finji
388,Sin and Punishment,Treasure
388,Sin and Punishment,Nintendo
389,Outer Wilds: Echoes of the Eye,Mobius Digital
389,Outer Wilds: Echoes of the Eye,Annapurna Interactive
390,New Super Mario Bros. 2,Nintendo
390,New Super Mario Bros. 2,Nintendo EAD
391,Wolfenstein II: The New Colossus,MachineGames
391,Wolfenstein II: The New Colossus,Bethesda Softworks
392,PokÃ©mon Diamond,Nintendo
392,PokÃ©mon Diamond,Game Freak
393,Into the Breach,Subset Games
394,Marvel Snap,Second Dinner
394,Marvel Snap,nuverse
395,Nier: Automata - Game of the Yorha Edition,Square Enix
395,Nier: Automata - Game of the Yorha Edition,PlatinumGames
396,Five Nights at Freddy's 2,Clickteam
396,Five Nights at Freddy's 2,Scottgames
397,Mortal Kombat 11,Warner Bros. Interactive Entertainment
397,Mortal Kombat 11,NetherRealm Studios
398,Witch on the Holy Night,TYPE-MOON
398,Witch on the Holy Night,Aniplex
399,Dying Light 2: Stay Human,Techland
399,Dying Light 2: Stay Human,Techland Publishing
400,Asura's Wrath,Capcom
400,Asura's Wrath,CyberConnect2
401,Tales of Berseria,Bandai Namco Entertainment America
401,Tales of Berseria,Bandai Namco Studios
402,Ender Lilies: Quietus of the Knights,Binary Haze Interactive
402,Ender Lilies: Quietus of the Knights,Live Wire
403,Moon: Remix RPG Adventure,ASCII Entertainment
403,Moon: Remix RPG Adventure,Love-de-Lic
404,Prince of Persia: The Sands of Time,Ubisoft Entertainment
404,Prince of Persia: The Sands of Time,Ubisoft Montreal
405,Assassin's Creed Syndicate,Ubisoft Entertainment
405,Assassin's Creed Syndicate,Ubisoft Québec
406,Sunset Overdrive,Insomniac Games
406,Sunset Overdrive,Microsoft Studios
407,Metal Gear Solid: Peace Walker,Kojima Productions
407,Metal Gear Solid: Peace Walker,Konami
408,Code Vein,Shift
408,Code Vein,Bandai Namco Entertainment
409,Mario Strikers: Battle League,Next Level Games
409,Mario Strikers: Battle League,Nintendo
410,Limbus Company,Project Moon
411,Resident Evil Village: Winters' Expansion,Capcom
412,Tony Hawk's Pro Skater 1+2,Activision
412,Tony Hawk's Pro Skater 1+2,Vicarious Visions
413,Need for Speed: Unbound,Criterion Games
413,Need for Speed: Unbound,Electronic Arts
414,Zero Escape: Zero Time Dilemma,Aksys Games
414,Zero Escape: Zero Time Dilemma,Spike ChunSoft
415,Deus Ex: Mankind Divided,Square Enix
416,Guitar Hero III: Legends of Rock,Neversoft Entertainment
416,Guitar Hero III: Legends of Rock,Activision
417,Sid Meier's Civilization VI,Firaxis Games
417,Sid Meier's Civilization VI,2K Games
418,Nioh 2,Koei Tecmo Games
418,Nioh 2,Team NINJA
419,Gears of War,Microsoft Game Studios
419,Gears of War,Epic Games
420,Final Fantasy Tactics,"Sony Computer Entertainment, Inc. (SCEI)"
420,Final Fantasy Tactics,Square
421,Deltarune,tobyfox
422,Tekken 3,Namco
422,Tekken 3,Namco Hometek
423,Far Cry 6,Ubisoft Toronto
423,Far Cry 6,Ubisoft Entertainment
424,Horizon Zero Dawn: Complete Edition,Sony Interactive Entertainment
424,Horizon Zero Dawn: Complete Edition,Guerrilla Games
425,Persona 4 Golden,Sega
426,Xenosaga Episode I: Der Wille zur Macht,Monolith Soft
426,Xenosaga Episode I: Der Wille zur Macht,Namco
427,Everhood,Surefire.Games
427,Everhood,Chris Nordgren
428,Don't Starve Together,Klei Entertainment
429,South Park: The Fractured But Whole,Ubisoft Entertainment
429,South Park: The Fractured But Whole,Ubisoft San Francisco
430,God of War III: Remastered,Sony Computer Entertainment
430,God of War III: Remastered,Red Kite Games
431,Pokémon Ruby,Nintendo
431,Pokémon Ruby,Game Freak
432,Fire Emblem: The Sacred Stones,Nintendo
432,Fire Emblem: The Sacred Stones,"Intelligent Systems Co., Ltd."
433,Library of Ruina,Project Moon
434,Uncharted: The Nathan Drake Collection,Naughty Dog
434,Uncharted: The Nathan Drake Collection,"Sony Computer Entertainment, Inc. (SCEI)"
435,Persona 3 Portable,Sega
435,Persona 3 Portable,Atlus
436,Pyre,Supergiant Games
437,Paladins,Hi-Rez Studios
438,Dead Space 3,Visceral Games
438,Dead Space 3,Electronic Arts
439,Devil May Cry HD Collection,Capcom
439,Devil May Cry HD Collection,Capcom Production Studio 4
440,Bayonetta Origins: Cereza and the Lost Demon,PlatinumGames
440,Bayonetta Origins: Cereza and the Lost Demon,Nintendo
441,Armored Core,FromSoftware
441,Armored Core,Agetec
442,Persona 4 Arena Ultimax,Arc System Works
442,Persona 4 Arena Ultimax,Atlus
443,Wanted: Dead,Soleil
443,Wanted: Dead,110 Industries
444,Luigi's Mansion: Dark Moon,Nintendo
444,Luigi's Mansion: Dark Moon,Next Level Games
445,Gorogoa,Annapurna Interactive
445,Gorogoa,Jason Roberts
446,Valkyrie Elysium,Square Enix
446,Valkyrie Elysium,Soleil
447,Castlevania: Order of Ecclesia,Konami
448,Deadly Premonition,Access Games
448,Deadly Premonition,Ignition Entertainment
449,LEGO Batman 2: DC Super Heroes,Feral Interactive
449,LEGO Batman 2: DC Super Heroes,Traveller's Tales
450,Lunistice,A Grumpy Fox
450,Lunistice,Deck13 Interactive
451,Sonic Advance,Sega
451,Sonic Advance,Dimps
452,Metal Slug,SNK
452,Metal Slug,Nazca Corporation
453,Just Cause 3,Avalanche Studios
453,Just Cause 3,Square Enix
454,Suikoden II,Konami
455,LittleBigPlanet,Media Molecule
455,LittleBigPlanet,Sony Computer Entertainment
456,EarthBound Beginnings,Nintendo
456,EarthBound Beginnings,Ape
457,Wario Land 3,Nintendo R&D1
457,Wario Land 3,Nintendo
458,Faith: The Unholy Trinity,New Blood Interactive
458,Faith: The Unholy Trinity,Airdorf Games
459,Tales of Symphonia,Namco
459,Tales of Symphonia,Namco Tales Studio
460,Final Fantasy VII,Square Enix
461,The Dark Pictures Anthology: Man of Medan,Bandai Namco Entertainment
461,The Dark Pictures Anthology: Man of Medan,Supermassive Games
462,Saya no Uta,JAST USA
462,Saya no Uta,Nitroplus
463,River City Girls,WayForward Technologies
463,River City Girls,WayForward
464,Sonic Origins,Sega
465,Kuru Kuru Kururin,Eighting
466,Pikmin 2,Nintendo
466,Pikmin 2,Nintendo EAD
467,Wonderful Everyday: Down the Rabbit-Hole,Frontwing
467,Wonderful Everyday: Down the Rabbit-Hole,Makura
468,Paper Mario: The Origami King,Nintendo
468,Paper Mario: The Origami King,Intelligent Systems
469,Conker's Bad Fur Day,Rare
469,Conker's Bad Fur Day,THQ
470,Fire Emblem: Radiant Dawn,Nintendo
470,Fire Emblem: Radiant Dawn,Nintendo SPD Group No. 2
471,Need for Speed: Heat,Electronic Arts
471,Need for Speed: Heat,Ghost Games
472,Skate 3,EA Black Box
472,Skate 3,Electronic Arts
473,Braid,Number None Inc.
473,Braid,Microsoft Game Studios
474,Metro 2033,4A Games
474,Metro 2033,THQ
475,Another Pokémon Game,3D: Doom Daddy Digital
476,Super Mario Party,Nintendo
477,Kentucky Route Zero,Cardboard Computer
478,The Legend of Zelda: Twilight Princess HD,Nintendo
478,The Legend of Zelda: Twilight Princess HD,Nintendo EPD
479,We Love Katamari,NOW Production
479,We Love Katamari,Namco
480,Serial Experiments Lain,Pionner LDC
481,Kirby's Dream Land 2,Nintendo
481,Kirby's Dream Land 2,HAL Laboratory
482,Harvestella,Square Enix
483,Dishonored: Death of the Outsider,Arkane Studios
483,Dishonored: Death of the Outsider,Bethesda Softworks
484,Life is Strange 2,DON'T NOD
484,Life is Strange 2,Square Enix
485,Banjo-Tooie,Microsoft Game Studios
485,Banjo-Tooie,Rare
486,The Legend of Zelda: Oracle of Ages,Nintendo
486,The Legend of Zelda: Oracle of Ages,Capcom
487,Lobotomy Corporation,Project Moon
488,Saints Row 2,Volition
488,Saints Row 2,THQ
489,Final Fantasy VII Rebirth,Square Enix
490,Castlevania: Bloodlines,Konami
491,Tiny Tina's Wonderlands,2K Games
491,Tiny Tina's Wonderlands,Gearbox Software
492,Utawarerumono: Mask of Truth,Aquaplus
492,Utawarerumono: Mask of Truth,Atlus USA
493,Hitman World of Assassination,Inlusio Interactive
493,Hitman World of Assassination,IO Interactive
494,Just Cause 2,Avalanche Studios
494,Just Cause 2,Eidos Interactive
495,Lies of P,NEOWIZ
495,Lies of P,Round8 Studio
496,Final Fantasy V,Square Enix
497,Jet Set Radio Future,Smilebit
497,Jet Set Radio Future,Sega
498,Overcooked!,Ghost Town Games
498,Overcooked!,Team17
499,Shin Megami Tensei IV: Apocalypse,Atlus USA
499,Shin Megami Tensei IV: Apocalypse,Atlus
500,Muse Dash,X.D. Network Inc.
500,Muse Dash,PeroPeroGames
501,Fire Emblem: Genealogy of the Holy War,"Intelligent Systems Co., Ltd."
501,Fire Emblem: Genealogy of the Holy War,Nintendo
502,Judas,Ghost Story Games
503,Half-Life: Opposing Force,Gearbox Software
503,Half-Life: Opposing Force,Sierra Entertainment
504,Bloodborne PSX,LW Media
505,Prototype,Activision
505,Prototype,Radical Entertainment
506,Pokémon Gold,Nintendo
506,Pokémon Gold,Game Freak
507,Valheim,Iron Gate AB
507,Valheim,Coffee Stain Publishing
508,Your Turn To Die: Death Game By Majority,Nankidai
508,Your Turn To Die: Death Game By Majority,0UP Games
509,Gal Guardians: Demon Purge,Inti Creates
510,Mortal Shell,Playstack
510,Mortal Shell,Cold Symmetry
511,Kingdom Come: Deliverance,Deep Silver
511,Kingdom Come: Deliverance,Warhorse Studios
512,Live A Live,Square
513,Sleeping Dogs: Definitive Edition,Square Enix
513,Sleeping Dogs: Definitive Edition,United Front Games
514,Resident Evil 4: Ultimate HD Edition,Capcom Production Studio 4
514,Resident Evil 4: Ultimate HD Edition,Capcom
515,LEGO Builder's Journey,Light Brick Studio
515,LEGO Builder's Journey,The LEGO Group
516,Guilty Gear Xrd: Rev 2,Arc System Works
516,Guilty Gear Xrd: Rev 2,Aksys Games
517,Super Kiwi 64,Siactro
518,Infamous 2,Sucker Punch Productions
518,Infamous 2,"Sony Computer Entertainment, Inc. (SCEI)"
519,Fallout 3: Game of the Year Edition,Bethesda Game Studios
519,Fallout 3: Game of the Year Edition,Bethesda Softworks
520,Melatonin,Half Asleep
521,Gungrave G.O.R.E,Iggymob
521,Gungrave G.O.R.E,Red Entertainment
522,Like a Dragon Gaiden: The Man Who Erased His Name,Ryū Ga Gotoku Studios
522,Like a Dragon Gaiden: The Man Who Erased His Name,Sega
523,Garten of Banban,Euphoric Brothers
524,Hitman: Blood Money,IO Interactive
524,Hitman: Blood Money,Eidos Interactive
525,Professor Layton and the Unwound Future,Level-5
525,Professor Layton and the Unwound Future,Nintendo of America
526,The Dark Pictures Anthology: The Devil in Me,Supermassive Games
526,The Dark Pictures Anthology: The Devil in Me,Bandai Namco Entertainment
527,Donkey Kong Country: Tropical Freeze,Nintendo
527,Donkey Kong Country: Tropical Freeze,Retro Studios
528,Fire Emblem: Thracia 776,"Intelligent Systems Co., Ltd."
528,Fire Emblem: Thracia 776,Nintendo
529,Moonlighter,Digital Sun Games
529,Moonlighter,11 bit studios
530,Pikmin 3,Nintendo EAD Software Development Group No.4
530,Pikmin 3,Nintendo
531,Five Nights at Freddy's 4,Scottgames
531,Five Nights at Freddy's 4,Clickteam
532,Chaos;Head Noah,5pb.
533,Nier: Automata - The End of Yorha Edition,Square Enix
533,Nier: Automata - The End of Yorha Edition,PlatinumGames
534,Phoenix Wright: Ace Attorney - Spirit of Justice,Capcom
535,Crysis,Crytek Frankfurt
535,Crysis,Electronic Arts
536,Fallout Shelter,Bethesda Game Studios
536,Fallout Shelter,Bethesda Softworks
537,Sonic and the Secret Rings,Sega
537,Sonic and the Secret Rings,Sonic Team
538,FTL: Faster Than Light,Subset Games
539,Mario Party 2,Hudson Soft
539,Mario Party 2,Nintendo
540,Attack of the Friday Monsters! A Tokyo Tale,Level-5
540,Attack of the Friday Monsters! A Tokyo Tale,Millennium Kitchen
541,Animal Crossing,Nintendo
541,Animal Crossing,Nintendo EAD
542,Fire Emblem Fates: Revelation,"Intelligent Systems Co., Ltd."
542,Fire Emblem Fates: Revelation,Nintendo
543,Bloodstained: Curse of the Moon,Inti Creates
544,Final Fantasy XIII-2,Square Enix
545,Agar.io,Miniclip.com
545,Agar.io,Matheus Valadares
546,Fatal Frame II: Crimson Butterfly,"Tecmo Co., Ltd."
546,Fatal Frame II: Crimson Butterfly,Ubisoft Entertainment
547,World of Warcraft,Blizzard Entertainment
548,The Legend of Heroes: Trails of Cold Steel II,NIS America
548,The Legend of Heroes: Trails of Cold Steel II,Nihon Falcom
549,Gang Beasts,Boneloaf
549,Gang Beasts,Double Fine Productions
550,Armored Core 3,Agetec
550,Armored Core 3,FromSoftware
551,Star Wars: The Force Unleashed II,LucasArts
552,Fortnite,Epic Games
553,Fall Guys,Devolver Digital
553,Fall Guys,Mediatonic
554,It Takes Two,Hazelight Studios
554,It Takes Two,Electronic Arts
555,BioShock,2K Games
555,BioShock,2K Boston
556,Metal Gear Solid,Microsoft
556,Metal Gear Solid,Konami Computer Entertainment Japan
557,Yakuza: Like a Dragon,Sega
557,Yakuza: Like a Dragon,Ryū Ga Gotoku Studios
558,Animal Crossing: New Horizons,Nintendo EPD
558,Animal Crossing: New Horizons,Nintendo
559,BioShock Infinite,Irrational Games
559,BioShock Infinite,2K Games
562,Mirror's Edge,Electronic Arts
562,Mirror's Edge,EA Digital Illusions CE
563,Bayonetta 2,PlatinumGames
563,Bayonetta 2,Nintendo
564,Sonic Generations,Sonic Team
564,Sonic Generations,Sega
565,Shin Megami Tensei: Nocturne,Atlus
565,Shin Megami Tensei: Nocturne,Ghostlight Ltd.
566,Death's Door,Devolver Digital
566,Death's Door,Acid Nerve
567,Devil May Cry 3: Dante's Awakening - Special Edition,Capcom
567,Devil May Cry 3: Dante's Awakening - Special Edition,Capcom Production Studio 1
568,Assassin's Creed IV Black Flag,Ubisoft Montreal
568,Assassin's Creed IV Black Flag,Ubisoft Entertainment
570,Crisis Core: Final Fantasy VII - Reunion,Square Enix
571,Metroid Prime,Nintendo
571,Metroid Prime,Retro Studios
572,Sonic the Hedgehog 2,Sonic Team
572,Sonic the Hedgehog 2,Sega
573,Metal Gear Solid 4: Guns of the Patriots,Kojima Productions
573,Metal Gear Solid 4: Guns of the Patriots,Konami
574,Atomic Heart,Mundfish
574,Atomic Heart,Focus Entertainment
576,Resident Evil 5,Capcom
577,The World Ends with You,Square Enix
577,The World Ends with You,Ubisoft Entertainment
578,A Hat in Time,Humble Bundle
578,A Hat in Time,Gears for Breakfast
579,Scorn,Ebb Software
579,Scorn,Kepler Interactive
580,Fire Emblem: Awakening,"Intelligent Systems Co., Ltd."
580,Fire Emblem: Awakening,Nintendo
581,Cuphead: The Delicious Last Course,Studio MDHR
582,Ori and the Will of the Wisps,Moon Studios
582,Ori and the Will of the Wisps,Xbox Game Studios
583,Mass Effect,BioWare
583,Mass Effect,Microsoft Game Studios
584,Return of the Obra Dinn,3909
584,Return of the Obra Dinn,Lucas Pope
585,Kingdom Hearts III,Square Enix
585,Kingdom Hearts III,Disney Interactive Studios
586,Fallout 3,ZeniMax Media
586,Fallout 3,Bethesda Game Studios
587,Uncharted: Drake's Fortune,Naughty Dog
587,Uncharted: Drake's Fortune,"Sony Computer Entertainment, Inc. (SCEI)"
588,"Zero Escape: Nine Hours, Nine Persons, Nine Doors",Chunsoft
588,"Zero Escape: Nine Hours, Nine Persons, Nine Doors",Spike
589,Lost Judgment,Ryū Ga Gotoku Studios
589,Lost Judgment,Sega
590,Super Mario 3D Land,Nintendo EAD
590,Super Mario 3D Land,Nintendo
591,Gris,Nomada Studio
591,Gris,Devolver Digital
592,Silent Hill 3,Konami
592,Silent Hill 3,Team Silent
593,Call of Duty: Modern Warfare 2,Infinity Ward
593,Call of Duty: Modern Warfare 2,Activision
594,The Walking Dead: Season One,Telltale Games
594,The Walking Dead: Season One,Sony Computer Entertainment
595,Mario Kart DS,Nintendo EAD Group No. 1
596,Apex Legends,Respawn Entertainment
596,Apex Legends,Electronic Arts
597,Devil May Cry 2,Capcom
597,Devil May Cry 2,Capcom Production Studio 1
598,The Legend of Zelda: Ocarina of Time 3D,Grezzo
598,The Legend of Zelda: Ocarina of Time 3D,Nintendo
599,Twelve Minutes,Annapurna Interactive
599,Twelve Minutes,Luis Antonio
600,Demon's Souls,FromSoftware
600,Demon's Souls,Atlus
601,Persona 3 Portable,Atlus USA
602,Rayman Legends,Ubisoft Montpellier
602,Rayman Legends,Ubisoft Entertainment
603,Uncharted 2: Among Thieves,Naughty Dog
603,Uncharted 2: Among Thieves,Sony Computer Entertainment
604,Monster Hunter: World,Capcom
605,Milk inside a bag of milk inside a bag of milk,Nikita Kryukov
605,Milk inside a bag of milk inside a bag of milk,Nikita Kaf Publishing
606,The Legend of Zelda: A Link Between Worlds,Nintendo
606,The Legend of Zelda: A Link Between Worlds,Nintendo EAD Software Development Group No.3
607,Final Fantasy XIV: Endwalker,Square Enix
608,The Legend of Zelda: The Minish Cap,Nintendo
608,The Legend of Zelda: The Minish Cap,Capcom Production Studio 1
609,Pokémon Go,The Pokémon Company
609,Pokémon Go,Niantic Labs
610,Night in the Woods,Finji
610,Night in the Woods,Infinite Fall
611,Shin Megami Tensei IV,Atlus
611,Shin Megami Tensei IV,Nintendo
612,Kingdom Hearts II,Buena Vista Games
612,Kingdom Hearts II,Square Enix
613,Castlevania: Aria of Sorrow,Konami Computer Entertainment Tokyo
613,Castlevania: Aria of Sorrow,Konami
614,Halo: Reach,Bungie
614,Halo: Reach,Microsoft Game Studios
615,Grand Theft Auto: Vice City,Rockstar Games
615,Grand Theft Auto: Vice City,Rockstar North
616,A Short Hike,adamgryu
616,A Short Hike,Whippoorwill
617,The Legend of Zelda: Tears of the Kingdom,Nintendo
617,The Legend of Zelda: Tears of the Kingdom,Nintendo EPD Production Group No. 3
618,Assassin's Creed III,Ubisoft Entertainment
618,Assassin's Creed III,Ubisoft Montreal
619,Castlevania,Nintendo
619,Castlevania,Konami
620,Milk outside a bag of milk outside a bag of milk,Nikita Kryukov
621,Lisa,Dingaling
622,Crash Bandicoot,Sony Computer Entertainment
622,Crash Bandicoot,Naughty Dog
623,The Legend of Zelda: The Wind Waker HD,Nintendo
623,The Legend of Zelda: The Wind Waker HD,Nintendo EAD Software Development Group No.3
624,The Outer Worlds,Obsidian Entertainment
624,The Outer Worlds,Private Division
625,The Legend of Zelda: Majora's Mask 3D,Nintendo
625,The Legend of Zelda: Majora's Mask 3D,Nintendo EAD Tokyo
626,The Callisto Protocol,Krafton
626,The Callisto Protocol,Striking Distance Studios
627,The Wolf Among Us,Telltale Games
628,Dead Space 2,Electronic Arts
628,Dead Space 2,Visceral Games
629,Super Mario Bros. 2,Nintendo
629,Super Mario Bros. 2,Nintendo EAD
630,Until Dawn,Supermassive Games
630,Until Dawn,Sony Computer Entertainment
631,Kid Icarus: Uprising,Nintendo
631,Kid Icarus: Uprising,Project Sora
632,Chained Echoes,Deck13 Spotlight
632,Chained Echoes,Ark Heiral
633,BioShock Remastered,2K Games
633,BioShock Remastered,2K Australia
634,Sonic Unleashed,Sega
634,Sonic Unleashed,Sonic Team
635,Yakuza 5 Remastered,Ryū Ga Gotoku Studios
635,Yakuza 5 Remastered,Sega
636,Metal Gear Solid 3: Subsistence,Konami Computer Entertainment Japan
636,Metal Gear Solid 3: Subsistence,Konami
637,Super Mario World 2: Yoshi's Island,Nintendo EAD
637,Super Mario World 2: Yoshi's Island,Nintendo
638,Devil May Cry 4,Capcom
638,Devil May Cry 4,Capcom Production Studio 1
639,Donut County,Annapurna Interactive
639,Donut County,Ben Esposito
640,Assassin's Creed Origins,Ubisoft Montreal
640,Assassin's Creed Origins,Ubisoft Entertainment
641,Ghostwire: Tokyo,Bethesda Softworks
641,Ghostwire: Tokyo,Tango Gameworks
642,Yakuza 4 Remastered,SEGA of Japan
642,Yakuza 4 Remastered,Ryū Ga Gotoku Studios
643,Call of Duty: Modern Warfare II,Infinity Ward
643,Call of Duty: Modern Warfare II,Activision
644,Crash Bandicoot 4: It's About Time,Toys for Bob
644,Crash Bandicoot 4: It's About Time,Activision
645,Grand Theft Auto III,DMA Design
645,Grand Theft Auto III,Rockstar Games
646,Dead by Daylight,Starbreeze publishing AB
646,Dead by Daylight,Behaviour Interactive
647,Abzu,505 Games
647,Abzu,Giant Squid
648,Batman: Arkham Origins,WB Games
648,Batman: Arkham Origins,WB Games Montréal
649,Splatoon 2,Nintendo
649,Splatoon 2,Nintendo EPD
650,Pokémon HeartGold,The Pokémon Company
650,Pokémon HeartGold,Game Freak
651,Kena: Bridge of Spirits,Ember Lab
652,Final Fantasy VIII,Square
652,Final Fantasy VIII,Square Enix
653,The Elder Scrolls IV: Oblivion,Bethesda Game Studios
653,The Elder Scrolls IV: Oblivion,2K Games
654,The Silver Case,NIS America
654,The Silver Case,Grasshopper Manufacture
655,Marvel's Spider-Man Remastered,Insomniac Games
655,Marvel's Spider-Man Remastered,Sony Interactive Entertainment
656,Alan Wake,Microsoft Game Studios
656,Alan Wake,Remedy Entertainment
657,A Way Out,Electronic Arts
657,A Way Out,Hazelight Studios
658,LEGO Batman: The Video Game,WB Games
658,LEGO Batman: The Video Game,Traveller's Tales
659,Borderlands 3,2K Games
659,Borderlands 3,Gearbox Software
660,Dragon Ball FighterZ,Arc System Works
660,Dragon Ball FighterZ,Bandai Namco Entertainment
661,Ico,Team Ico
661,Ico,"Sony Computer Entertainment, Inc. (SCEI)"
662,Shin Megami Tensei III: Nocturne - HD Remaster,Ghostlight Ltd.
662,Shin Megami Tensei III: Nocturne - HD Remaster,Atlus
663,The Witness,"Thekla, Inc"
664,Animal Crossing: New Leaf,Nintendo
664,Animal Crossing: New Leaf,Nintendo EAD Group No. 2
665,Wo Long: Fallen Dynasty,Koei Tecmo Games
665,Wo Long: Fallen Dynasty,Team NINJA
666,Final Fantasy VII Remake Intergrade,Square Enix
667,Sonic Adventure 2,Sega
667,Sonic Adventure 2,Sonic Team USA
668,Destiny 2,Activision
668,Destiny 2,Bungie
669,Kirby's Dream Land,HAL Laboratory
669,Kirby's Dream Land,Nintendo
670,Mario Kart 8,Nintendo
670,Mario Kart 8,Nintendo EAD Group No. 1
671,Xenoblade Chronicles,Nintendo
671,Xenoblade Chronicles,Monolith Soft
672,The Forgotten City,Modern Storyteller
672,The Forgotten City,Dear Villagers
673,Untitled Goose Game,House House
673,Untitled Goose Game,Panic
674,Sonic Adventure 2: Battle,Sonic Team
674,Sonic Adventure 2: Battle,Sega
675,Saints Row: The Third,Volition
675,Saints Row: The Third,THQ
676,Call of Duty: Black Ops III,Activision
676,Call of Duty: Black Ops III,Treyarch
677,Pokémon Red,Nintendo
677,Pokémon Red,Game Freak
678,Tinykin,Splashteam
678,Tinykin,tinyBuild
679,Dragon's Dogma: Dark Arisen,Capcom
680,Brawlhalla,Ubisoft
680,Brawlhalla,Blue Mammoth Games
681,Pokémon Unite,Timi
681,Pokémon Unite,The Pokémon Company
682,Black Mesa,Crowbar Collective
683,The Messenger,Sabotage
683,The Messenger,Devolver Digital
684,Jet Set Radio,BlitWorks
684,Jet Set Radio,Sega
685,Pathologic 2,Ice-Pick Lodge
685,Pathologic 2,tinyBuild
686,Tactics Ogre: Reborn,Square Enix
687,Hyper Light Drifter,Heart Machine
688,Left 4 Dead,Certain Affinity
688,Left 4 Dead,Valve
689,The 25th Ward: The Silver Case,NIS America
689,The 25th Ward: The Silver Case,Grasshopper Manufacture
690,Darkest Dungeon,Red Hook Studios
691,Roblox,Roblox Corporation
692,The Last Guardian,Team Ico
692,The Last Guardian,Sony Interactive Entertainment
693,Drakengard 3,Access Games
693,Drakengard 3,Square Enix
694,Half-Life 2: Episode One,Valve
694,Half-Life 2: Episode One,CyberFront
695,Assassin's Creed Revelations,Ubisoft Montreal
695,Assassin's Creed Revelations,Ubisoft Entertainment
696,Half-Life 2: Episode Two,CyberFront
696,Half-Life 2: Episode Two,Valve
697,Mega Man,Capcom
698,PowerWash Simulator,Square Enix
698,PowerWash Simulator,FuturLab
699,Cave Story,Studio Pixel
700,Final Fantasy XIV: Shadowbringers,Square Enix
701,Days Gone,SIE Bend Studio
701,Days Gone,Sony Interactive Entertainment
702,Tom Clancy's Rainbow Six Siege,Ubisoft Entertainment
702,Tom Clancy's Rainbow Six Siege,Ubisoft Montreal
703,Trek to Yomi,Devolver Digital
703,Trek to Yomi,Leonard Menchiari
704,Sonic CD,Sonic Team
704,Sonic CD,Sega
705,Mario Kart: Double Dash!!,Nintendo EAD
705,Mario Kart: Double Dash!!,Nintendo
706,Rayman Origins,Ubisoft Montpellier
706,Rayman Origins,Ubisoft Entertainment
707,Klonoa Phantasy Reverie Series,MONKEYCRAFT Co. Ltd
707,Klonoa Phantasy Reverie Series,Bandai Namco Entertainment
708,Hitman 2,WB Games
708,Hitman 2,IO Interactive
709,Max Payne 3,Rockstar Games
709,Max Payne 3,Rockstar Vancouver
710,Catherine: Full Body,Atlus
710,Catherine: Full Body,Studio Zero
711,Kirby: Planet Robobot,HAL Laboratory
711,Kirby: Planet Robobot,Nintendo
712,Battlefield 1,EA Digital Illusions CE
712,Battlefield 1,Electronic Arts
713,Kirby’s Return to Dream Land Deluxe,Nintendo
714,Persona 2: Eternal Punishment,Atlus
715,Star Wars Battlefront II,EA Digital Illusions CE
715,Star Wars Battlefront II,Electronic Arts
716,Super Paper Mario,Nintendo
716,Super Paper Mario,Intelligent Systems
717,The Great Ace Attorney 2: Resolve,Capcom
718,Bugsnax,Young Horses
719,Star Wars: Battlefront II,Pandemic Studios
719,Star Wars: Battlefront II,LucasArts
720,Pokémon Shield,The Pokémon Company
720,Pokémon Shield,Game Freak
721,Super Castlevania IV,Konami
722,Brothers: A Tale of Two Sons,Starbreeze Studios
722,Brothers: A Tale of Two Sons,Spike ChunSoft
723,Call of Duty: Modern Warfare,Infinity Ward
723,Call of Duty: Modern Warfare,Activision
724,GoldenEye 007,Nintendo
724,GoldenEye 007,Rare
725,"WarioWare, Inc.: Mega Microgames!",Nintendo R&D1
725,"WarioWare, Inc.: Mega Microgames!",Nintendo
726,Evil West,Focus Entertainment
726,Evil West,Flying Wild Hog
727,Gravity Rush 2,SIE Japan Studio
727,Gravity Rush 2,Sony Interactive Entertainment
728,Metroid Prime 2: Echoes,Retro Studios
728,Metroid Prime 2: Echoes,Nintendo
729,The Forest,Endnight Games Ltd
730,CrossCode,Deck13 Interactive
730,CrossCode,Radical Fish Games
731,Sekiro: Shadows Die Twice - GOTY Edition,Activision
731,Sekiro: Shadows Die Twice - GOTY Edition,FromSoftware
732,Saints Row IV,Volition
732,Saints Row IV,Deep Silver
733,Fallout 2,Black Isle Studios
733,Fallout 2,Interplay Entertainment
734,Chrono Cross,Square
735,Fire Emblem: Path of Radiance,"Intelligent Systems Co., Ltd."
735,Fire Emblem: Path of Radiance,Nintendo
736,Kingdom Hearts Final Mix,Square
736,Kingdom Hearts Final Mix,Squaresoft
737,Professor Layton and the Curious Village,Nintendo
737,Professor Layton and the Curious Village,Level-5
738,Ys VIII: Lacrimosa of Dana,NIS America
738,Ys VIII: Lacrimosa of Dana,Nihon Falcom
739,Hotel Dusk: Room 215,Nintendo
739,Hotel Dusk: Room 215,Cing
740,Postal 2,Running with Scissors
740,Postal 2,Whiptail Interactive
741,Fez,Microsoft Studios
742,Marvel's Midnight Suns,Firaxis Games
742,Marvel's Midnight Suns,2K Games
743,Streets of Rage 4,Lizardcube
743,Streets of Rage 4,DotEmu
744,Shin Megami Tensei: Persona,Atlus
745,Kirby's Return to Dream Land,HAL Laboratory
745,Kirby's Return to Dream Land,Nintendo
746,BioShock 2 Remastered,2K Games
746,BioShock 2 Remastered,2K Australia
747,God of War: Chains of Olympus,"Sony Computer Entertainment, Inc. (SCEI)"
747,God of War: Chains of Olympus,Ready at Dawn
748,Splatoon,Nintendo EAD Group No. 2
748,Splatoon,Nintendo
749,Nickelodeon All-Star Brawl,Ludosity
749,Nickelodeon All-Star Brawl,Game Mill Entertainment
750,The Great Ace Attorney: Adventures,Capcom
751,Sonic Rush,Sonic Team
751,Sonic Rush,Sega
752,Chrono Trigger,Square Enix
753,Street Fighter V,Capcom
754,Somerville,Jumpship
755,Bully: Scholarship Edition,Rockstar Games
755,Bully: Scholarship Edition,Rockstar Toronto
756,Borderlands: The Pre-Sequel,Take-Two Interactive
756,Borderlands: The Pre-Sequel,Gearbox Software
757,Star Wars Jedi: Survivor,Respawn Entertainment
757,Star Wars Jedi: Survivor,Electronic Arts
758,Alice: Madness Returns,Electronic Arts
758,Alice: Madness Returns,Spicy Horse Games
759,Super Mario 3D All-Stars,Nintendo
759,Super Mario 3D All-Stars,Nintendo EPD
760,S.T.A.L.K.E.R.: Shadow of Chernobyl,GSC Game World
760,S.T.A.L.K.E.R.: Shadow of Chernobyl,THQ
761,JoJo’s Bizarre Adventure: All-Star Battle R,Bandai Namco Entertainment
761,JoJo’s Bizarre Adventure: All-Star Battle R,CyberConnect2
762,Geometry Dash,RobTop Games
763,Mario + Rabbids Sparks of Hope,Ubisoft Entertainment
763,Mario + Rabbids Sparks of Hope,Ubisoft Paris
764,Back 4 Blood,Warner Bros. Interactive Entertainment
764,Back 4 Blood,Turtle Rock Studios
765,Half-Life: Alyx,Valve
766,Hyper Demon,Sorath
767,Mortal Kombat,NetherRealm Studios
767,Mortal Kombat,WB Games
768,Resident Evil,Capcom Planning Room 2
769,Call of Duty: Ghosts,Neversoft Entertainment
769,Call of Duty: Ghosts,Activision
770,Ridge Racer Type 4,Namco
771,Lil Gator Game,Playtonic Friends
771,Lil Gator Game,Scott Slucher
772,Oxenfree,Night School Studio
773,Overcooked! 2,Ghost Town Games
773,Overcooked! 2,Team17
774,Before Your Eyes,GoodbyeWorld Games
774,Before Your Eyes,Skybound Games
775,Sly Cooper and the Thievius Raccoonus,Sucker Punch Productions
775,Sly Cooper and the Thievius Raccoonus,Sony Computer Entertainment
776,Nobody Saves the World,Drinkbox Studios
777,Crazy Taxi,Sega
777,Crazy Taxi,Hitmaker
778,Chrono Cross: The Radical Dreamers Edition,Square Enix
779,Spore,Maxis
779,Spore,Electronic Arts
780,Dwarf Fortress,Bay 12 Games
780,Dwarf Fortress,Kitfox Games
781,Klonoa 2: Lunatea's Veil,Namco
782,Pokémon Blue,Nintendo
782,Pokémon Blue,Game Freak
783,Planescape: Torment,Interplay Entertainment
783,Planescape: Torment,Black Isle Studios
784,Far Cry 3: Blood Dragon,Ubisoft Montreal
785,BattleBlock Theater,Microsoft Studios
785,BattleBlock Theater,The Behemoth
786,The Beginner's Guide,Everything Unlimited Ltd.
787,We Love Katamari Reroll + Royal Reverie,Bandai Namco Entertainment
787,We Love Katamari Reroll + Royal Reverie,MONKEYCRAFT Co. Ltd
788,Naruto Shippuden: Ultimate Ninja Storm 4,Bandai Namco Entertainment
788,Naruto Shippuden: Ultimate Ninja Storm 4,CyberConnect2
789,Mega Man 3,Capcom
790,Ni no Kuni: Wrath of the White Witch,Namco Bandai Games
790,Ni no Kuni: Wrath of the White Witch,Level-5
791,Fortnite: Chapter 4,Epic Games
792,Danganronpa Another Episode: Ultra Despair Girls,Spike ChunSoft
792,Danganronpa Another Episode: Ultra Despair Girls,NIS America
793,The Artful Escape,Annapurna Interactive
793,The Artful Escape,Beethoven & Dinosaur
794,Dishonored: Definitive Edition,Arkane Studios
794,Dishonored: Definitive Edition,Zenimax Europe
795,Pac-Man World Re-Pac,Bandai Namco Games
795,Pac-Man World Re-Pac,NOW Production
796,Ib,kouri
796,Ib,PLAYISM
797,Castlevania: Circle of the Moon,Konami
798,Higurashi: When They Cry,07th Expansion
798,Higurashi: When They Cry,MangaGamer
799,Life is Strange: Before the Storm,Square Enix
799,Life is Strange: Before the Storm,Deck Nine
800,Darkwood,Acid Wizard Studio
800,Darkwood,Crunching Koalas
801,Beyond Good & Evil,Ubisoft Shanghai
801,Beyond Good & Evil,Ubisoft
802,Metroid II: Return of Samus,Nintendo
802,Metroid II: Return of Samus,Nintendo R&D1
803,Shenmue,Sega AM2
803,Shenmue,Sega
804,Project Zomboid,The Indie Stone
805,Crash Team Racing,Naughty Dog
805,Crash Team Racing,"Sony Computer Entertainment, Inc. (SCEI)"
806,Carrion,Phobia Game Studio
806,Carrion,Devolver Digital
807,Gears of War 2,Microsoft Game Studios
807,Gears of War 2,Epic Games
808,Phoenix Wright: Ace Attorney - Dual Destinies,Capcom
809,The Legend of Zelda: Oracle of Seasons,Nintendo
809,The Legend of Zelda: Oracle of Seasons,Capcom
810,Wild Hearts,Omega Force
810,Wild Hearts,Electronic Arts
811,God of War: Ascension,"Sony Computer Entertainment, Inc. (SCEI)"
811,God of War: Ascension,SIE Santa Monica Studio
812,Xenosaga Episode III: Also sprach Zarathustra,Namco Bandai Games
812,Xenosaga Episode III: Also sprach Zarathustra,Monolith Soft
813,Kirby's Dream Land 3,Nintendo
813,Kirby's Dream Land 3,HAL Laboratory
814,Castlevania: Harmony of Dissonance,Konami Computer Entertainment Tokyo
815,Shantae and the Pirate's Curse,WayForward Technologies
815,Shantae and the Pirate's Curse,Intergrow
816,Happy Wheels,Fancy Force
817,Guilty Gear XX Accent Core Plus R,Arc System Works
818,Fire Emblem Fates: Birthright,"Intelligent Systems Co., Ltd."
818,Fire Emblem Fates: Birthright,Nintendo
819,Final Fantasy IV,Square Enix
819,Final Fantasy IV,Square
820,Devil May Cry 5: Special Edition,Capcom Development Division 1
820,Devil May Cry 5: Special Edition,Capcom
821,Castlevania III: Dracula's Curse,Konami
821,Castlevania III: Dracula's Curse,Palcom
822,Gloomwood,New Blood Interactive
822,Gloomwood,David Szymanski
823,Call of Duty: Advanced Warfare,Activision
823,Call of Duty: Advanced Warfare,Sledgehammer Games
824,The Legend of Heroes: Trails of Cold Steel,XSEED Games
824,The Legend of Heroes: Trails of Cold Steel,Nihon Falcom
825,Metal Gear Solid 3: Snake Eater HD Edition,Konami Digital Entertainment
826,Mario Kart: Super Circuit,Nintendo
827,Pokémon Shining Pearl,Nintendo
827,Pokémon Shining Pearl,"ILCA, Inc."
828,PUBG: Battlegrounds,Bluehole Studio
828,PUBG: Battlegrounds,PUBG Corp
829,Earthblade,Extremely OK Games
831,Rule of Rose,Atlus USA
831,Rule of Rose,Punchline
832,Lollipop Chainsaw,Grasshopper Manufacture
832,Lollipop Chainsaw,WB Games
833,Pokémon LeafGreen,Nintendo
833,Pokémon LeafGreen,Game Freak
834,Bowser's Fury,Nintendo
834,Bowser's Fury,Nintendo EAD Tokyo
835,ZeroRanger,System Erasure
836,Labyrinth of Galleria: The Moon Society,Nippon Ichi Software
836,Labyrinth of Galleria: The Moon Society,NIS America
837,Street Fighter II,Capcom
837,Street Fighter II,U.S. Gold
838,Resident Evil: Revelations,Tose
838,Resident Evil: Revelations,Capcom
839,Shin Megami Tensei,Atlus
840,Tomb Raider,Eidos Interactive
840,Tomb Raider,Core Design
841,FIFA 23,EA Sports
841,FIFA 23,EA Vancouver
842,Battlefield: Bad Company 2,EA Digital Illusions CE
842,Battlefield: Bad Company 2,Electronic Arts
843,The Walking Dead: A New Frontier,Telltale Games
843,The Walking Dead: A New Frontier,Skybound Games
844,Ninja Gaiden Black,Team NINJA
844,Ninja Gaiden Black,Tecmo
845,Sid Meier's Civilization V,2K Games
845,Sid Meier's Civilization V,Firaxis Games
846,World of Horror,Ysbryd Games
846,World of Horror,panstasz
847,Fire Emblem: Shadow Dragon,"Intelligent Systems Co., Ltd."
847,Fire Emblem: Shadow Dragon,Nintendo
848,Tomodachi Life,Nintendo SPD Group No. 1
848,Tomodachi Life,Nintendo
849,Downwell,Devolver Digital
849,Downwell,Moppin
850,SpongeBob SquarePants: Battle For Bikini Bottom,Heavy Iron Studios
850,SpongeBob SquarePants: Battle For Bikini Bottom,THQ
851,LEGO Harry Potter: Years 1-4,WB Games
851,LEGO Harry Potter: Years 1-4,Traveller's Tales
852,Dragon Quest V: Hand of the Heavenly Bride,Chunsoft
852,Dragon Quest V: Hand of the Heavenly Bride,Square Enix
853,Fear & Hunger,Miro Haverinen
853,Fear & Hunger,Happy Paintings
854,For Honor,Ubisoft Entertainment
854,For Honor,Ubisoft Montreal
855,Sonic Lost World,Nintendo
855,Sonic Lost World,Sonic Team
856,Bug Fables: The Everlasting Sapling,DANGEN Entertainment
856,Bug Fables: The Everlasting Sapling,Moonsprout Games
857,Hyrule Warriors: Age of Calamity,Koei Tecmo
857,Hyrule Warriors: Age of Calamity,Omega Force
858,LEGO Batman 3: Beyond Gotham,Traveller's Tales
858,LEGO Batman 3: Beyond Gotham,WB Games
859,Moonscars,Black Mermaid
859,Moonscars,Humble Games
860,The Witcher 3: Wild Hunt - Hearts of Stone,CD Projekt RED
861,Remnant: From the Ashes,Gunfire Games
861,Remnant: From the Ashes,Perfect World Entertainment
862,Halo 5: Guardians,343 Industries
862,Halo 5: Guardians,Microsoft Studios
863,Hearthstone,Blizzard Entertainment
864,Ultimate Spider-Man,Activision
864,Ultimate Spider-Man,Beenox
865,Chop Goblins,David Szymanski
866,Secret of Mana,Square Enix
866,Secret of Mana,Square
867,428: Shibuya Scramble,Chunsoft
867,428: Shibuya Scramble,Sega
868,Potion Craft,tinyBuild
868,Potion Craft,niceplay game
869,Mega Man Legends,Capcom USA
869,Mega Man Legends,Capcom Production Studio 2
870,Xenoblade Chronicles: Future Connected,Nintendo
870,Xenoblade Chronicles: Future Connected,Monolith Soft
871,Crab Game,Dani
872,NEET Girl Date Night,Hitsuji Goods
873,Dante's Inferno,Electronic Arts
873,Dante's Inferno,Visceral Games
874,Haunting Ground,Capcom Production Studio 1
874,Haunting Ground,Capcom
875,Assassin's Creed Rogue,Ubisoft Sofia
876,Garten of Banban 2,Euphoric Brothers
877,Pokémon Stadium,HAL Laboratory
877,Pokémon Stadium,Nintendo
878,Outlast II,Red Barrels
879,Ni no Kuni II: Revenant Kingdom,Bandai Namco Entertainment
879,Ni no Kuni II: Revenant Kingdom,Level-5
880,Metal Gear,Ultra Games
880,Metal Gear,Konami
881,Disney's Aladdin,Capcom
882,Fable II,Lionhead Studios
882,Fable II,Microsoft Game Studios
883,Celeste: Farewell,Extremely OK Games
884,Axiom Verge 2,Nintendo
884,Axiom Verge 2,Thomas Happ Games
885,Lightning Returns: Final Fantasy XIII,Square Enix
886,Yakuza 2,Sega
887,F-Zero X,Nintendo EAD
887,F-Zero X,Nintendo
888,Chibi-Robo!,Nintendo
888,Chibi-Robo!,Skip Ltd.
890,RimWorld,Ludeon Studios
891,Professor Layton and the Miracle Mask,Level-5
891,Professor Layton and the Miracle Mask,Nintendo
892,Mega Man X5,Capcom Production Studio 3
892,Mega Man X5,Capcom
893,Tokyo Necro,Nitroplus
893,Tokyo Necro,JAST USA
894,Disney Dreamlight Valley,Gameloft
895,Mega Man 7,Capcom
896,Figment,Bedtime Digital Games
897,"Flower, Sun, and Rain: Murder and Mystery in Paradise",h.a.n.d. Inc.
897,"Flower, Sun, and Rain: Murder and Mystery in Paradise",Marvelous Entertainment
898,Professor Layton vs. Phoenix Wright: Ace Attorney,Level-5
898,Professor Layton vs. Phoenix Wright: Ace Attorney,Nintendo
899,Metal Gear Solid: The Twin Snakes,Konami
899,Metal Gear Solid: The Twin Snakes,Silicon Knights
900,The Simpsons Game,Griptonite Games
900,The Simpsons Game,Electronic Arts
901,Mega Man Zero 2,Inti Creates
901,Mega Man Zero 2,Capcom
902,Gears 5,The Coalition
902,Gears 5,Xbox Game Studios
903,Crash of the Titans,Radical Entertainment
903,Crash of the Titans,Sierra Entertainment
904,Alan Wake Remastered,Remedy Entertainment
904,Alan Wake Remastered,Epic Games
905,Final Fantasy XV: Royal Edition,Square Enix
906,The Witcher,Atari
906,The Witcher,CD Projekt RED
907,Final Fantasy III,Square
907,Final Fantasy III,Square Enix
908,Snatcher,Konami
909,Hello Charlotte Ep.3: Childhood's End,etherane
910,Star Wars: Battlefront,Pandemic Studios
910,Star Wars: Battlefront,LucasArts
911,Ikaruga,Treasure
912,Diablo IV,Blizzard Entertainment
913,Ys: The Oath in Felghana,Nihon Falcom
913,Ys: The Oath in Felghana,XSEED Games
914,American McGee's Alice,Rogue Entertainment
914,American McGee's Alice,Electronic Arts
915,Call of Duty,Infinity Ward
915,Call of Duty,Activision
916,Armored Core 2,FromSoftware
916,Armored Core 2,Agetec
917,Clash of Clans,Supercell
918,Fate/stay night,TYPE-MOON
918,Fate/stay night,Kadokawa Shoten
919,Tabletop Simulator,Berserk Games
920,Duskers,Misfits Attic
921,Control: Ultimate Edition,Remedy Entertainment
921,Control: Ultimate Edition,505 Games
922,Advance Wars,Nintendo
922,Advance Wars,"Intelligent Systems Co., Ltd."
923,Touhou Koumakyou: The Embodiment of Scarlet Devil,Team Shanghai Alice
924,Weird West,WolfEye Studios
924,Weird West,Devolver Digital
925,Pokémon Mystery Dungeon: Blue Rescue Team,Chunsoft
925,Pokémon Mystery Dungeon: Blue Rescue Team,Nintendo
926,WarioWare Gold,Nintendo of America
926,WarioWare Gold,Nintendo EPD
927,Dragon Ball: Xenoverse,Dimps
927,Dragon Ball: Xenoverse,Bandai Namco Entertainment
928,Call of Duty: Black Ops 4,Treyarch
928,Call of Duty: Black Ops 4,Activision
929,Bloodborne: Game of the Year Edition,Sony Computer Entertainment
929,Bloodborne: Game of the Year Edition,FromSoftware
930,Ape Out,Gabe Cuzzillo
930,Ape Out,Devolver Digital
931,WarioWare: Smooth Moves,"Intelligent Systems Co., Ltd."
931,WarioWare: Smooth Moves,Nintendo
932,Puyo Puyo Tetris,Sega
932,Puyo Puyo Tetris,Sonic Team
933,Prince of Persia: Warrior Within,Ubisoft Montreal
933,Prince of Persia: Warrior Within,Ubisoft Entertainment
934,Kentucky Route Zero: TV Edition,Cardboard Computer
934,Kentucky Route Zero: TV Edition,Annapurna Interactive
935,Factorio,Wube Software LTD.
936,Scott Pilgrim vs. the World: The Game - Complete Edition,Ubisoft
936,Scott Pilgrim vs. the World: The Game - Complete Edition,Ubisoft Chengdu
937,Monster Hunter 4 Ultimate,Capcom
938,Fruit Ninja Classic,Halfbrick Studios
940,Tom Clancy's The Division,Ubisoft Entertainment
940,Tom Clancy's The Division,Massive Entertainment
941,Crysis 2,Crytek Frankfurt
941,Crysis 2,Electronic Arts
942,Resident Evil 4: Wii Edition,Capcom Production Studio 4
942,Resident Evil 4: Wii Edition,Capcom
943,Nuclear Throne,Vlambeer
944,Super Hexagon,Terry Cavanagh
944,Super Hexagon,Distractionware
945,Condemned: Criminal Origins,WB Games
945,Condemned: Criminal Origins,Monolith Productions
946,PlayStation All-Stars Battle Royale,SCE Santa Monica Studio
946,PlayStation All-Stars Battle Royale,Sony Computer Entertainment
947,Dragon Quest,Nintendo
947,Dragon Quest,Armor Project
948,Pac-Man in a Tin,Fizz Creations
949,Mount & Blade: Warband,Paradox Interactive
949,Mount & Blade: Warband,Taleworlds
950,Monster Hunter Generations Ultimate,Capcom
951,The Jackbox Party Pack 3,"Jackbox Games, Inc."
952,Digimon World: Next Order,Bandai Namco Entertainment Europe
952,Digimon World: Next Order,B.B. Studio
953,Odin Sphere: Leifthrasir,Atlus
953,Odin Sphere: Leifthrasir,Vanillaware
954,Bulletstorm,People Can Fly
954,Bulletstorm,Electronic Arts
955,The Witcher 2: Assassins of Kings,Atari
955,The Witcher 2: Assassins of Kings,CD Projekt RED
956,Pokémon Añil,Eric Lost
957,Animal Crossing: City Folk,Nintendo
957,Animal Crossing: City Folk,Nintendo EAD Group No. 2
958,Microsoft Minesweeper,Microsoft
959,Sonic 3D Blast,Sega
960,Mario Party 4,Hudson Soft
960,Mario Party 4,Nintendo
961,Mario Party 3,Nintendo
961,Mario Party 3,Hudson Soft
962,Peggle,PopCap Games
963,Plague Inc: Evolved,Ndemic Creations
964,Star Wars: Episode III - Revenge of the Sith,LucasArts
964,Star Wars: Episode III - Revenge of the Sith,The Collective
965,Prince of Persia,Ubisoft Entertainment
965,Prince of Persia,Ubisoft Montreal
966,System Shock,Looking Glass Studios
966,System Shock,Origin Systems
967,Sonic Rush Adventure,Nintendo
967,Sonic Rush Adventure,Sonic Team
968,Destroy All Humans!,THQ
968,Destroy All Humans!,Pandemic Studios
969,Marvel vs. Capcom: Clash of Super Heroes,Virgin Interactive Entertainment (Europe) Ltd.
969,Marvel vs. Capcom: Clash of Super Heroes,Capcom
970,The World Ends with You: Final Remix,Square Enix
970,The World Ends with You: Final Remix,Nintendo
971,Ristar,Sega
972,Crash Team Racing Nitro-Fueled,Activision Blizzard
972,Crash Team Racing Nitro-Fueled,Beenox
973,Mega Man X6,Capcom
974,Slender: The Eight Pages,Parsec Productions
975,Mark of the Ninja,Klei Entertainment
975,Mark of the Ninja,Microsoft Studios
976,Octodad: Dadliest Catch,Young Horses
977,Dragon Ball Z: Budokai Tenkaichi,Spike
977,Dragon Ball Z: Budokai Tenkaichi,Bandai
978,The King of Fighters XV,SNK Corporation
978,The King of Fighters XV,SNK
979,Killing Floor 2,Tripwire Interactive
979,Killing Floor 2,Deep Silver
980,Ape Escape 3,SCE Japan Studio
980,Ape Escape 3,Sony Computer Entertainment Europe
981,The Simpsons Arcade Game,Konami
982,Toy Story 2: Buzz Lightyear to the Rescue!,Activision
982,Toy Story 2: Buzz Lightyear to the Rescue!,Traveller's Tales
983,Rayman Raving Rabbids,Ubisoft Entertainment
983,Rayman Raving Rabbids,Ubisoft Montpellier
984,Prototype 2,Activision
984,Prototype 2,FUN Labs
985,MadWorld,Spike
985,MadWorld,PlatinumGames
986,Call of Duty 3,Activision
986,Call of Duty 3,Treyarch
987,Shadow Warrior,Flying Wild Hog
987,Shadow Warrior,Majesco Entertainment
988,Warcraft III: The Frozen Throne,Blizzard Entertainment
988,Warcraft III: The Frozen Throne,Sierra Entertainment
989,Yakuza 4,Sega
990,Megami Ibunroku Persona,Atlus
991,Persona 4 Arena,Arc System Works
991,Persona 4 Arena,Atlus
992,Scribblenauts,5th Cell
992,Scribblenauts,Konami
993,Rock Band 2,MTV Games
993,Rock Band 2,Harmonix Music Systems
994,Armored Core 4,FromSoftware
994,Armored Core 4,Sega
995,Rez Infinite,Enhance Games
996,Plants vs. Zombies 2: It's About Time,Electronic Arts
996,Plants vs. Zombies 2: It's About Time,PopCap Games
997,Cadence of Hyrule: Crypt of the NecroDancer Featuring the Legend of Zelda,Spike ChunSoft
997,Cadence of Hyrule: Crypt of the NecroDancer Featuring the Legend of Zelda,Brace Yourself Games
998,100% Orange Juice,Orange_Juice
998,100% Orange Juice,Fruitbat Factory
999,Tekken 6,Bandai Namco Entertainment
1000,Mortal Kombat 3,Midway Games
1001,Pokémon Mystery Dungeon: Explorers of Time,Chunsoft
1001,Pokémon Mystery Dungeon: Explorers of Time,Nintendo
1002,Chulip,Punchline
1003,Crash Nitro Kart,Vicarious Visions
1003,Crash Nitro Kart,Universal Interactive Studios
1004,Bubble Bobble,Sega
1004,Bubble Bobble,Taito Corporation
1005,Shantae: Half-Genie Hero,XSEED Games
1005,Shantae: Half-Genie Hero,WayForward Technologies
1006,Snake,Nokia
1007,Tales of Vesperia,Namco Tales Studio
1007,Tales of Vesperia,Bandai Namco Entertainment
1008,Mega Man X8,Capcom Production Studio 1
1008,Mega Man X8,Capcom
1009,Fire Emblem: New Mystery of the Emblem,"Intelligent Systems Co., Ltd."
1009,Fire Emblem: New Mystery of the Emblem,Nintendo
1010,Mario & Luigi: Superstar Saga + Bowser's Minions,Nintendo
1010,Mario & Luigi: Superstar Saga + Bowser's Minions,AlphaDream
1011,Suikoden,Konami Computer Entertainment Tokyo
1011,Suikoden,Konami
1012,Binary Domain,Sega
1012,Binary Domain,Ryū Ga Gotoku Studios
1013,Shin Megami Tensei: Devil Survivor,Atlus
1013,Shin Megami Tensei: Devil Survivor,Ghostlight Ltd.
1014,JoJo's Bizarre Adventure: Eyes of Heaven,CyberConnect2
1014,JoJo's Bizarre Adventure: Eyes of Heaven,Bandai Namco Entertainment
1015,Audiosurf,Valve
1015,Audiosurf,Invisible Handlebar
1016,Better Call Saul Kart,Big Trash Games
1017,The Secret of Monkey Island,Lucasfilm Games
1017,The Secret of Monkey Island,JVC Musical Industries
1018,Resistance: Fall of Man,Insomniac Games
1018,Resistance: Fall of Man,"Sony Computer Entertainment, Inc. (SCEI)"
1019,Sniper Elite 4,Sold Out Sales & Marketing
1019,Sniper Elite 4,Rebellion Developments
1020,Metal Gear Solid HD Collection,Kojima Productions
1020,Metal Gear Solid HD Collection,Konami
1021,The Simpsons: Road Rage,Electronic Arts
1021,The Simpsons: Road Rage,Fox Interactive
1022,Melty Blood Actress Again Current Code,Arc System Works
1022,Melty Blood Actress Again Current Code,French Bread
1023,Path of Exile,Grinding Gear Games
1024,Machinarium,Amanita Design
1025,Guacamelee!,Drinkbox Studios
1025,Guacamelee!,Spike ChunSoft
1026,Tales of Zestiria,Bandai Namco Entertainment
1026,Tales of Zestiria,tri-Crescendo
1027,Black,Electronic Arts
1027,Black,Criterion Games
1028,Mario Super Sluggers,Namco Bandai Games
1028,Mario Super Sluggers,Nintendo
1029,Worms Armageddon,Team17
1029,Worms Armageddon,Infogrames Europe
1030,Street Fighter II Turbo,Capcom
1031,Tekken 4,Namco
1031,Tekken 4,Namco Hometek
1032,Legacy of Kain: Soul Reaver,Eidos Interactive
1032,Legacy of Kain: Soul Reaver,Crystal Dynamics
1033,Mega Man X7,Capcom Production Studio 3
1033,Mega Man X7,Capcom
1034,Final Fantasy I & II: Dawn of Souls,Square Enix
1034,Final Fantasy I & II: Dawn of Souls,Nintendo
1035,Mega Man ZX,Inti Creates
1035,Mega Man ZX,Capcom
1036,Metal Gear 2: Solid Snake,Konami
1037,The Missing: J.J. Macfield and the Island of Memories,Arc System Works
1037,The Missing: J.J. Macfield and the Island of Memories,White Owls Inc.
1038,Silent Hill 2: Restless Dreams,Team Silent
1038,Silent Hill 2: Restless Dreams,Konami
1039,Friday the 13th: The Game,Illfonic
1039,Friday the 13th: The Game,Gun Interactive
1040,Quake II,id Software
1040,Quake II,Activision
1041,NBA Jam,Midway
1042,Final Fantasy X HD Remaster,Square Enix
1043,Mario vs. Donkey Kong,Nintendo
1043,Mario vs. Donkey Kong,Nintendo Software Technology
1044,Kenshi,Lo-Fi Games
1045,Remember Me,Capcom
1045,Remember Me,DON'T NOD
1046,Alpha Protocol,Obsidian Entertainment
1046,Alpha Protocol,Sega
1047,Indivisible,Lab Zero Games
1047,Indivisible,505 Games
1048,Jazzpunk,Necrophone Games
1048,Jazzpunk,Adult Swim Games
1049,Need for Speed: Hot Pursuit,Criterion Games
1049,Need for Speed: Hot Pursuit,Electronic Arts
1050,The House in Fata Morgana: A Requiem for Innocence,NOVECT
1050,The House in Fata Morgana: A Requiem for Innocence,MangaGamer
1051,Phantom Brigade,Brace Yourself Games
1052,Altered Beast,Sega
1052,Altered Beast,Team Shinobi
1053,Broken Age,Nordic Games Publishing
1053,Broken Age,Double Fine
1054,Telling Lies,Furious Bee Limited
1054,Telling Lies,Annapurna Interactive
1055,Saints Row: Gat Out of Hell,Volition
1055,Saints Row: Gat Out of Hell,Deep Silver
1056,Ratchet & Clank: Size Matters,"Sony Computer Entertainment, Inc. (SCEI)"
1056,Ratchet & Clank: Size Matters,High Impact Games
1057,Mario Hoops 3-on-3,Nintendo
1057,Mario Hoops 3-on-3,Square Enix
1058,Mario Power Tennis,Nintendo
1058,Mario Power Tennis,Camelot Software Planning
1059,Keep Talking and Nobody Explodes,Steel Crate Games
1060,The Swapper,Facepalm Games
1060,The Swapper,Curve Digital
1061,Ms. Pac-Man,"Atari, Inc."
1061,Ms. Pac-Man,General Computer Corporation (GCC)
1062,Gun,Activision
1062,Gun,Rebellion Developments
1063,Naruto: Ultimate Ninja 3,Bandai
1063,Naruto: Ultimate Ninja 3,CyberConnect2
1064,The Ultimate Doom,id Software
1064,The Ultimate Doom,Activision
1065,Superman: The New Superman Adventures,Titus Software
1065,Superman: The New Superman Adventures,WB Games
1066,Ruiner,Reikon Games
1066,Ruiner,Devolver Digital
1067,The Lord of the Rings: The Two Towers,Electronic Arts
1067,The Lord of the Rings: The Two Towers,Hypnos Entertainment
1068,Dragon Quest II: Luminaries of the Legendary Line,Chunsoft
1068,Dragon Quest II: Luminaries of the Legendary Line,Enix America Corporation
1069,Chivalry: Medieval Warfare,Torn Banner Studios
1069,Chivalry: Medieval Warfare,Activision
1070,FIFA 14,EA Sports
1070,FIFA 14,EA Canada
1071,Bit.Trip Runner,Gaijin Games
1071,Bit.Trip Runner,Aksys Games
1072,Pokémon Pinball: Ruby & Sapphire,Nintendo
1072,Pokémon Pinball: Ruby & Sapphire,Jupiter Corporation
1073,FIFA 13,Electronic Arts
1073,FIFA 13,EA Canada
1074,La-Mulana,GR3 Project
1074,La-Mulana,Rising Star Games
1075,The Warriors,Rockstar Toronto
1075,The Warriors,Rockstar Games
1076,Mortal Kombat XL,NetherRealm Studios
1076,Mortal Kombat XL,WB Games
1077,Anonymous;Code,5pb.
1077,Anonymous;Code,Spike ChunSoft
1078,Higurashi no Naku Koro ni: Chapter 2 - Watanagashi,MangaGamer
1078,Higurashi no Naku Koro ni: Chapter 2 - Watanagashi,07th Expansion
1079,Aokana: Four Rhythms Across the Blue,sprite
1079,Aokana: Four Rhythms Across the Blue,Piacci
1080,Shantae and the Seven Sirens,WayForward Technologies
1080,Shantae and the Seven Sirens,WayForward
1081,Mega Man ZX Advent,Inti Creates
1081,Mega Man ZX Advent,Capcom
1082,Peggle Deluxe,PopCap Games
1083,Slither.io,Lowtech Studios
1083,Slither.io,Steve Howse
1084,Twisted Metal,Eat Sleep Play Inc.
1084,Twisted Metal,Sony Computer Entertainment
1085,Dragon Age: Origins - Awakening,BioWare Edmonton
1085,Dragon Age: Origins - Awakening,Electronic Arts
1086,Parasite Eve II,Square
1086,Parasite Eve II,Square Soft
1087,The Jackbox Party Pack,"Jackbox Games, Inc."
1088,Tom Clancy's Splinter Cell: Pandora Tomorrow,Ubisoft Shanghai
1088,Tom Clancy's Splinter Cell: Pandora Tomorrow,Ubisoft Entertainment
1089,Payday: The Heist,Overkill Software
1089,Payday: The Heist,Daybreak Game Company
1090,Pokémon Rumble Blast,Nintendo
1090,Pokémon Rumble Blast,Ambrella
1091,Nicktoons Unite!,THQ
1091,Nicktoons Unite!,Blue Tongue Entertainment
1092,Ruined King: A League of Legends Story,Riot Forge
1092,Ruined King: A League of Legends Story,Airship Syndicate
1093,Picross S3,Jupiter Corp.
1093,Picross S3,Jupiter Corporation
1094,Lisa the Joyful,Dingaling
1095,The King of Fighters '98,SNK
1095,The King of Fighters '98,HAMSTER Corporation
1096,Kingdoms of Amalur: Reckoning,38 Studios
1096,Kingdoms of Amalur: Reckoning,Electronic Arts
1097,Grand Theft Auto,DMA Design
1097,Grand Theft Auto,Take-Two Interactive
1098,Europa Universalis IV,Paradox Interactive
1098,Europa Universalis IV,Paradox Development Studio
1099,Sonic the Hedgehog 2,Aspect Co. Ltd
1100,Guitar Hero 5,Activision
1100,Guitar Hero 5,Neversoft Entertainment
1101,Silent Hill: Homecoming,Double Helix Games
1101,Silent Hill: Homecoming,Konami
1102,Mighty No. 9,Inti Creates
1102,Mighty No. 9,Deep Silver
1103,Dragon Ball GT: Final Bout,Tose
1103,Dragon Ball GT: Final Bout,Bandai
1104,Killzone 3,Guerrilla Games
1104,Killzone 3,"Sony Computer Entertainment, Inc. (SCEI)"
1105,WWE SmackDown vs. Raw 2008,THQ
1105,WWE SmackDown vs. Raw 2008,"YUKE'S Co., Ltd."
1106,Children of Morta,Dead Mage
1106,Children of Morta,11 bit studios
1107,The Godfather,Electronic Arts
1107,The Godfather,EA Redwood Shores
1108,Billy Hatcher and the Giant Egg,Sonic Team
1108,Billy Hatcher and the Giant Egg,Sega
1109,Tekken Tag Tournament 2,Bandai Namco Entertainment
1110,Bloons TD 5,Ninja Kiwi
1111,JoJo's Bizarre Adventure,Capcom
1111,JoJo's Bizarre Adventure,"Virgin Interactive Entertainment, Inc."
1112,Another World,Virgin Interactive Entertainment (Europe) Ltd.
1112,Another World,Delphine Software
1113,Back to the Future: The Game,Telltale Games
1114,Team Sonic Racing,Sumo Digital
1114,Team Sonic Racing,Sega
1115,Dragon's Dogma,Capcom
1116,Baldur's Gate 3,Larian Studios
1117,The LEGO Movie Videogame,WB Games
1117,The LEGO Movie Videogame,TT Fusion
